"id","rest_type_id","duty_id","date_start_plan_utc","date_end_plan_utc","date_start_fact_utc","date_end_fact_utc","duration_minimal","duration_normal","duration_plan","duration_total_plan","duration_total_fact","work_time_plan","work_time_fact","port_code"
"1","2","1","2023-02-17T16:00:07.092","2023-02-17T16:00:09.3","2023-02-17T16:00:11.426","2023-02-17T16:00:12.77","1","2","3","4","NULL","NULL","NULL","NULL"
"44","1","52","2023-02-17T17:57:04.679108","2023-02-17T19:57:04.67911","NULL","NULL","NULL","NULL","NULL","NULL","NULL","NULL","NULL","SVO"
"2","2","10","2023-02-17T17:33:27.220405","2023-02-17T19:33:27.22041","NULL","NULL","NULL","NULL","NULL","NULL","NULL","NULL","NULL","SVO"
"4","1","12","2023-02-17T17:55:09.802246","2023-02-17T19:55:09.802257","NULL","NULL","NULL","NULL","NULL","NULL","NULL","NULL","NULL","SVO"
"5","1","13","2023-02-17T17:55:16.519978","2023-02-17T19:55:16.519982","NULL","NULL","NULL","NULL","NULL","NULL","NULL","NULL","NULL","SVO"
"6","1","14","2023-02-17T17:55:18.772466","2023-02-17T19:55:18.77247","NULL","NULL","NULL","NULL","NULL","NULL","NULL","NULL","NULL","SVO"
"7","1","15","2023-02-17T17:55:21.026574","2023-02-17T19:55:21.026579","NULL","NULL","NULL","NULL","NULL","NULL","NULL","NULL","NULL","SVO"
"8","1","16","2023-02-17T17:55:23.287851","2023-02-17T19:55:23.287855","NULL","NULL","NULL","NULL","NULL","NULL","NULL","NULL","NULL","SVO"
"9","1","17","2023-02-17T17:55:25.531812","2023-02-17T19:55:25.531816","NULL","NULL","NULL","NULL","NULL","NULL","NULL","NULL","NULL","SVO"
"10","1","18","2023-02-17T17:55:27.804668","2023-02-17T19:55:27.804672","NULL","NULL","NULL","NULL","NULL","NULL","NULL","NULL","NULL","SVO"
"11","1","19","2023-02-17T17:55:30.068372","2023-02-17T19:55:30.068377","NULL","NULL","NULL","NULL","NULL","NULL","NULL","NULL","NULL","SVO"
"12","1","20","2023-02-17T17:55:32.340507","2023-02-17T19:55:32.340511","NULL","NULL","NULL","NULL","NULL","NULL","NULL","NULL","NULL","SVO"
"13","1","21","2023-02-17T17:55:34.593927","2023-02-17T19:55:34.593932","NULL","NULL","NULL","NULL","NULL","NULL","NULL","NULL","NULL","SVO"
"14","1","22","2023-02-17T17:55:36.840277","2023-02-17T19:55:36.84028","NULL","NULL","NULL","NULL","NULL","NULL","NULL","NULL","NULL","SVO"
"15","1","23","2023-02-17T17:55:39.084663","2023-02-17T19:55:39.084667","NULL","NULL","NULL","NULL","NULL","NULL","NULL","NULL","NULL","SVO"
"16","1","24","2023-02-17T17:55:41.356668","2023-02-17T19:55:41.356681","NULL","NULL","NULL","NULL","NULL","NULL","NULL","NULL","NULL","SVO"
"17","1","25","2023-02-17T17:55:43.615272","2023-02-17T19:55:43.615274","NULL","NULL","NULL","NULL","NULL","NULL","NULL","NULL","NULL","SVO"
"18","1","26","2023-02-17T17:55:45.878043","2023-02-17T19:55:45.878045","NULL","NULL","NULL","NULL","NULL","NULL","NULL","NULL","NULL","SVO"
"19","1","27","2023-02-17T17:55:48.11701","2023-02-17T19:55:48.117013","NULL","NULL","NULL","NULL","NULL","NULL","NULL","NULL","NULL","PEE"
"20","1","28","2023-02-17T17:55:50.38098","2023-02-17T19:55:50.380983","NULL","NULL","NULL","NULL","NULL","NULL","NULL","NULL","NULL","PEE"
"21","1","29","2023-02-17T17:55:52.625238","2023-02-17T19:55:52.62524","NULL","NULL","NULL","NULL","NULL","NULL","NULL","NULL","NULL","PEE"
"22","1","30","2023-02-17T17:55:54.870122","2023-02-17T19:55:54.870125","NULL","NULL","NULL","NULL","NULL","NULL","NULL","NULL","NULL","PEE"
"23","1","31","2023-02-17T17:55:57.139174","2023-02-17T19:55:57.139177","NULL","NULL","NULL","NULL","NULL","NULL","NULL","NULL","NULL","PEE"
"24","1","32","2023-02-17T17:55:59.390595","2023-02-17T19:55:59.390599","NULL","NULL","NULL","NULL","NULL","NULL","NULL","NULL","NULL","PEE"
"25","1","33","2023-02-17T17:56:01.652452","2023-02-17T19:56:01.652455","NULL","NULL","NULL","NULL","NULL","NULL","NULL","NULL","NULL","PEE"
"26","1","34","2023-02-17T17:56:03.921475","2023-02-17T19:56:03.921478","NULL","NULL","NULL","NULL","NULL","NULL","NULL","NULL","NULL","PEE"
"27","1","35","2023-02-17T17:56:06.1777","2023-02-17T19:56:06.177703","NULL","NULL","NULL","NULL","NULL","NULL","NULL","NULL","NULL","PEE"
"28","1","36","2023-02-17T17:56:08.438278","2023-02-17T19:56:08.438281","NULL","NULL","NULL","NULL","NULL","NULL","NULL","NULL","NULL","SVO"
"29","1","37","2023-02-17T17:56:10.679106","2023-02-17T19:56:10.67911","NULL","NULL","NULL","NULL","NULL","NULL","NULL","NULL","NULL","SVO"
"30","1","38","2023-02-17T17:56:14.20317","2023-02-17T19:56:14.203174","NULL","NULL","NULL","NULL","NULL","NULL","NULL","NULL","NULL","SVO"
"31","1","39","2023-02-17T17:56:16.918389","2023-02-17T19:56:16.918391","NULL","NULL","NULL","NULL","NULL","NULL","NULL","NULL","NULL","SVO"
"32","1","40","2023-02-17T17:56:19.220614","2023-02-17T19:56:19.220616","NULL","NULL","NULL","NULL","NULL","NULL","NULL","NULL","NULL","SVO"
"33","1","41","2023-02-17T17:56:23.316465","2023-02-17T19:56:23.316467","NULL","NULL","NULL","NULL","NULL","NULL","NULL","NULL","NULL","SVO"
"34","1","42","2023-02-17T17:56:27.99566","2023-02-17T19:56:27.995662","NULL","NULL","NULL","NULL","NULL","NULL","NULL","NULL","NULL","SVO"
"35","1","43","2023-02-17T17:56:31.611229","2023-02-17T19:56:31.611232","NULL","NULL","NULL","NULL","NULL","NULL","NULL","NULL","NULL","SVO"
"36","1","44","2023-02-17T17:56:35.13813","2023-02-17T19:56:35.138133","NULL","NULL","NULL","NULL","NULL","NULL","NULL","NULL","NULL","SVO"
"37","1","45","2023-02-17T17:56:40.420164","2023-02-17T19:56:40.420167","NULL","NULL","NULL","NULL","NULL","NULL","NULL","NULL","NULL","SVO"
"38","1","46","2023-02-17T17:56:45.537248","2023-02-17T19:56:45.53725","NULL","NULL","NULL","NULL","NULL","NULL","NULL","NULL","NULL","SVO"
"39","1","47","2023-02-17T17:56:49.759923","2023-02-17T19:56:49.759925","NULL","NULL","NULL","NULL","NULL","NULL","NULL","NULL","NULL","SVO"
"40","1","48","2023-02-17T17:56:53.802091","2023-02-17T19:56:53.802094","NULL","NULL","NULL","NULL","NULL","NULL","NULL","NULL","NULL","SVO"
"41","1","49","2023-02-17T17:56:57.592884","2023-02-17T19:56:57.592887","NULL","NULL","NULL","NULL","NULL","NULL","NULL","NULL","NULL","SVO"
"42","1","50","2023-02-17T17:57:00.251936","2023-02-17T19:57:00.251938","NULL","NULL","NULL","NULL","NULL","NULL","NULL","NULL","NULL","SVO"
"43","1","51","2023-02-17T17:57:02.453237","2023-02-17T19:57:02.45324","NULL","NULL","NULL","NULL","NULL","NULL","NULL","NULL","NULL","SVO"
"45","1","53","2023-02-17T17:57:06.918214","2023-02-17T19:57:06.918217","NULL","NULL","NULL","NULL","NULL","NULL","NULL","NULL","NULL","SVO"
"46","1","54","2023-02-17T17:57:09.169215","2023-02-17T19:57:09.169218","NULL","NULL","NULL","NULL","NULL","NULL","NULL","NULL","NULL","SVO"
"47","1","55","2023-02-17T17:57:11.40407","2023-02-17T19:57:11.404073","NULL","NULL","NULL","NULL","NULL","NULL","NULL","NULL","NULL","SVO"
"48","1","56","2023-02-17T17:57:13.649205","2023-02-17T19:57:13.649208","NULL","NULL","NULL","NULL","NULL","NULL","NULL","NULL","NULL","SVO"
"49","1","57","2023-02-17T17:57:15.8989","2023-02-17T19:57:15.898904","NULL","NULL","NULL","NULL","NULL","NULL","NULL","NULL","NULL","FEG"
"50","1","58","2023-02-17T17:57:18.166267","2023-02-17T19:57:18.166269","NULL","NULL","NULL","NULL","NULL","NULL","NULL","NULL","NULL","SVO"
"51","1","59","2023-02-17T17:57:20.42274","2023-02-17T19:57:20.422743","NULL","NULL","NULL","NULL","NULL","NULL","NULL","NULL","NULL","SVO"
"52","1","60","2023-02-17T17:57:22.683496","2023-02-17T19:57:22.683499","NULL","NULL","NULL","NULL","NULL","NULL","NULL","NULL","NULL","SVO"
"53","1","61","2023-02-17T17:57:24.924283","2023-02-17T19:57:24.924286","NULL","NULL","NULL","NULL","NULL","NULL","NULL","NULL","NULL","SVO"
"54","1","62","2023-02-17T17:57:27.180529","2023-02-17T19:57:27.180532","NULL","NULL","NULL","NULL","NULL","NULL","NULL","NULL","NULL","SVO"
"55","1","63","2023-02-17T17:57:29.453982","2023-02-17T19:57:29.453985","NULL","NULL","NULL","NULL","NULL","NULL","NULL","NULL","NULL","SVO"
"56","1","64","2023-02-17T17:57:31.712471","2023-02-17T19:57:31.712472","NULL","NULL","NULL","NULL","NULL","NULL","NULL","NULL","NULL","SVO"
"57","1","65","2023-02-17T17:57:33.970616","2023-02-17T19:57:33.970617","NULL","NULL","NULL","NULL","NULL","NULL","NULL","NULL","NULL","SVO"
"58","1","66","2023-02-17T17:57:36.259497","2023-02-17T19:57:36.259499","NULL","NULL","NULL","NULL","NULL","NULL","NULL","NULL","NULL","SVO"
"59","1","67","2023-02-17T17:57:38.504184","2023-02-17T19:57:38.504185","NULL","NULL","NULL","NULL","NULL","NULL","NULL","NULL","NULL","SVO"
"60","1","68","2023-02-17T17:57:40.764527","2023-02-17T19:57:40.764528","NULL","NULL","NULL","NULL","NULL","NULL","NULL","NULL","NULL","SVO"
"61","1","69","2023-02-17T17:57:43.026553","2023-02-17T19:57:43.026555","NULL","NULL","NULL","NULL","NULL","NULL","NULL","NULL","NULL","SVO"
"62","1","70","2023-02-17T17:57:45.283472","2023-02-17T19:57:45.283473","NULL","NULL","NULL","NULL","NULL","NULL","NULL","NULL","NULL","SVO"
"63","1","71","2023-02-17T17:57:47.544646","2023-02-17T19:57:47.544647","NULL","NULL","NULL","NULL","NULL","NULL","NULL","NULL","NULL","SVO"
"64","1","72","2023-02-17T17:57:49.817261","2023-02-17T19:57:49.817262","NULL","NULL","NULL","NULL","NULL","NULL","NULL","NULL","NULL","SVO"
"65","1","73","2023-02-17T17:57:52.158551","2023-02-17T19:57:52.158552","NULL","NULL","NULL","NULL","NULL","NULL","NULL","NULL","NULL","SVO"
"66","1","74","2023-02-17T17:57:54.450096","2023-02-17T19:57:54.450098","NULL","NULL","NULL","NULL","NULL","NULL","NULL","NULL","NULL","PEE"
"67","1","75","2023-02-17T17:57:56.732927","2023-02-17T19:57:56.732929","NULL","NULL","NULL","NULL","NULL","NULL","NULL","NULL","NULL","SVO"
"68","1","76","2023-02-17T17:57:59.010548","2023-02-17T19:57:59.010549","NULL","NULL","NULL","NULL","NULL","NULL","NULL","NULL","NULL","SVO"
"69","1","77","2023-02-17T17:58:01.292605","2023-02-17T19:58:01.292606","NULL","NULL","NULL","NULL","NULL","NULL","NULL","NULL","NULL","AER"
"70","1","78","2023-02-17T17:58:03.578709","2023-02-17T19:58:03.57871","NULL","NULL","NULL","NULL","NULL","NULL","NULL","NULL","NULL","FEG"
"71","1","79","2023-02-17T17:58:05.846935","2023-02-17T19:58:05.846936","NULL","NULL","NULL","NULL","NULL","NULL","NULL","NULL","NULL","FEG"
"72","1","80","2023-02-17T17:58:08.120712","2023-02-17T19:58:08.120714","NULL","NULL","NULL","NULL","NULL","NULL","NULL","NULL","NULL","FEG"
"73","1","81","2023-02-17T17:58:10.376102","2023-02-17T19:58:10.376104","NULL","NULL","NULL","NULL","NULL","NULL","NULL","NULL","NULL","FEG"
"74","1","82","2023-02-17T17:58:12.656944","2023-02-17T19:58:12.656945","NULL","NULL","NULL","NULL","NULL","NULL","NULL","NULL","NULL","FEG"
"75","1","83","2023-02-17T17:58:14.960259","2023-02-17T19:58:14.960261","NULL","NULL","NULL","NULL","NULL","NULL","NULL","NULL","NULL","SVO"
"76","1","84","2023-02-17T17:58:17.28913","2023-02-17T19:58:17.289131","NULL","NULL","NULL","NULL","NULL","NULL","NULL","NULL","NULL","NOZ"
"77","1","85","2023-02-17T17:58:19.579351","2023-02-17T19:58:19.579352","NULL","NULL","NULL","NULL","NULL","NULL","NULL","NULL","NULL","NOZ"
"78","1","86","2023-02-17T17:58:21.866324","2023-02-17T19:58:21.866325","NULL","NULL","NULL","NULL","NULL","NULL","NULL","NULL","NULL","NOZ"
"79","1","87","2023-02-17T17:58:24.165913","2023-02-17T19:58:24.165915","NULL","NULL","NULL","NULL","NULL","NULL","NULL","NULL","NULL","NOZ"
"80","1","88","2023-02-17T17:58:26.452147","2023-02-17T19:58:26.452148","NULL","NULL","NULL","NULL","NULL","NULL","NULL","NULL","NULL","NOZ"
"81","1","89","2023-02-17T17:58:28.756845","2023-02-17T19:58:28.756846","NULL","NULL","NULL","NULL","NULL","NULL","NULL","NULL","NULL","GOI"
"82","1","90","2023-02-17T17:58:31.033513","2023-02-17T19:58:31.033514","NULL","NULL","NULL","NULL","NULL","NULL","NULL","NULL","NULL","GOI"
"83","1","91","2023-02-17T17:58:33.323941","2023-02-17T19:58:33.323942","NULL","NULL","NULL","NULL","NULL","NULL","NULL","NULL","NULL","GOI"
"84","1","92","2023-02-17T17:58:35.595065","2023-02-17T19:58:35.595066","NULL","NULL","NULL","NULL","NULL","NULL","NULL","NULL","NULL","GOI"
"85","1","93","2023-02-17T17:58:37.88761","2023-02-17T19:58:37.887611","NULL","NULL","NULL","NULL","NULL","NULL","NULL","NULL","NULL","GOI"
"86","1","94","2023-02-17T17:58:40.183582","2023-02-17T19:58:40.183583","NULL","NULL","NULL","NULL","NULL","NULL","NULL","NULL","NULL","SVO"
"87","1","95","2023-02-17T17:58:42.502552","2023-02-17T19:58:42.502554","NULL","NULL","NULL","NULL","NULL","NULL","NULL","NULL","NULL","SVO"
"88","1","96","2023-02-17T17:58:44.777211","2023-02-17T19:58:44.777213","NULL","NULL","NULL","NULL","NULL","NULL","NULL","NULL","NULL","SVO"
"89","1","97","2023-02-17T17:58:47.055382","2023-02-17T19:58:47.055384","NULL","NULL","NULL","NULL","NULL","NULL","NULL","NULL","NULL","SVO"
"90","1","98","2023-02-17T17:58:49.355188","2023-02-17T19:58:49.35519","NULL","NULL","NULL","NULL","NULL","NULL","NULL","NULL","NULL","SVO"
"91","1","99","2023-02-17T17:58:51.653744","2023-02-17T19:58:51.653746","NULL","NULL","NULL","NULL","NULL","NULL","NULL","NULL","NULL","SVO"
"3","2","11","2023-02-17T17:47:22.258409","2023-02-17T19:47:22.258413","NULL","NULL","NULL","NULL","NULL","NULL","NULL","NULL","NULL","SVO"
"92","1","100","2023-02-17T17:58:53.939148","2023-02-17T19:58:53.93915","NULL","NULL","NULL","NULL","NULL","NULL","NULL","NULL","NULL","SVO"
"93","1","101","2023-02-17T17:58:56.225167","2023-02-17T19:58:56.225169","NULL","NULL","NULL","NULL","NULL","NULL","NULL","NULL","NULL","FEG"
"94","1","102","2023-02-17T17:58:58.524983","2023-02-17T19:58:58.524985","NULL","NULL","NULL","NULL","NULL","NULL","NULL","NULL","NULL","SVO"
"95","1","103","2023-02-17T17:59:00.814417","2023-02-17T19:59:00.814418","NULL","NULL","NULL","NULL","NULL","NULL","NULL","NULL","NULL","SVO"
"96","1","104","2023-02-17T17:59:03.108607","2023-02-17T19:59:03.108608","NULL","NULL","NULL","NULL","NULL","NULL","NULL","NULL","NULL","SVO"
"97","1","105","2023-02-17T17:59:05.390628","2023-02-17T19:59:05.39063","NULL","NULL","NULL","NULL","NULL","NULL","NULL","NULL","NULL","SVO"
"98","1","106","2023-02-17T17:59:07.69311","2023-02-17T19:59:07.693111","NULL","NULL","NULL","NULL","NULL","NULL","NULL","NULL","NULL","SVO"
"99","1","107","2023-02-17T17:59:10.001871","2023-02-17T19:59:10.001872","NULL","NULL","NULL","NULL","NULL","NULL","NULL","NULL","NULL","SVO"
"100","1","108","2023-02-17T17:59:12.331584","2023-02-17T19:59:12.331585","NULL","NULL","NULL","NULL","NULL","NULL","NULL","NULL","NULL","SVO"
"101","1","109","2023-02-17T17:59:14.574348","2023-02-17T19:59:14.574349","NULL","NULL","NULL","NULL","NULL","NULL","NULL","NULL","NULL","NOZ"
"102","1","110","2023-02-17T17:59:16.833636","2023-02-17T19:59:16.833638","NULL","NULL","NULL","NULL","NULL","NULL","NULL","NULL","NULL","NOZ"
"103","1","111","2023-02-17T17:59:19.102198","2023-02-17T19:59:19.102199","NULL","NULL","NULL","NULL","NULL","NULL","NULL","NULL","NULL","NOZ"
"106","1","116","2022-11-16T01:56:00","2022-12-29T05:35:00","NULL","NULL","NULL","NULL","NULL","NULL","NULL","NULL","NULL","SVO"
"107","1","116","2022-11-16T01:56:00","2022-12-29T05:35:00","NULL","NULL","NULL","NULL","NULL","NULL","NULL","NULL","NULL","SVO"
"108","1","122","2022-11-16T00:36:00","2023-01-07T03:30:00","NULL","NULL","NULL","NULL","NULL","NULL","NULL","NULL","NULL","SVO"
"109","1","123","2022-11-16T01:56:00","2022-12-29T05:35:00","NULL","NULL","NULL","NULL","NULL","NULL","NULL","NULL","NULL","SVO"
"118","1","147","2022-11-16T01:56:00","2022-12-29T05:35:00","NULL","NULL","NULL","NULL","NULL","NULL","NULL","NULL","NULL","SVO"
"119","1","148","2022-11-16T00:10:00","2023-01-04T04:25:00","NULL","NULL","NULL","NULL","NULL","NULL","NULL","NULL","NULL","SVO"
"121","1","159","2022-11-16T00:36:00","2023-01-07T03:30:00","NULL","NULL","NULL","NULL","NULL","NULL","NULL","NULL","NULL","SVO"
"122","1","160","2022-11-16T00:36:00","2023-01-07T03:30:00","NULL","NULL","NULL","NULL","NULL","NULL","NULL","NULL","NULL","SVO"
"125","1","163","2023-01-07T03:30:00","2023-01-07T14:30:00","NULL","NULL","960","150108","660","660","NULL","165","NULL","SVO"
"126","1","165","2023-01-07T03:30:00","2023-01-07T14:30:00","NULL","NULL","960","150108","660","660","NULL","165","NULL","SVO"
"127","1","166","2023-01-07T03:30:00","2023-01-07T14:30:00","NULL","NULL","960","150108","660","660","NULL","165","NULL","SVO"
"128","1","167","2023-01-07T03:30:00","2023-01-07T14:30:00","NULL","NULL","960","150108","660","660","NULL","165","NULL","SVO"
"129","1","168","2023-01-07T03:30:00","2023-01-07T14:30:00","NULL","NULL","960","150108","660","660","NULL","165","NULL","SVO"
"130","1","169","2023-01-07T03:30:00","2023-01-07T14:30:00","NULL","NULL","960","150108","660","660","NULL","165","NULL","SVO"
"131","1","170","2023-01-07T03:30:00","2023-01-07T14:30:00","NULL","NULL","960","150108","660","660","NULL","165","NULL","SVO"
"132","1","171","2023-01-07T03:30:00","2023-01-07T14:30:00","NULL","NULL","960","150108","660","660","NULL","165","NULL","SVO"
"133","1","172","2023-01-07T03:30:00","2023-01-07T14:30:00","NULL","NULL","960","150108","660","660","NULL","165","NULL","SVO"
"134","1","173","2023-01-07T03:30:00","2023-01-07T14:30:00","NULL","NULL","960","150108","660","660","NULL","165","NULL","SVO"
"142","1","181","2022-11-16T00:36:00","2023-01-07T03:30:00","NULL","NULL","NULL","NULL","NULL","NULL","NULL","NULL","NULL","SVO"
"143","1","182","2022-11-16T00:36:00","2023-01-07T03:30:00","NULL","NULL","NULL","NULL","NULL","NULL","NULL","NULL","NULL","SVO"
"144","1","183","2022-11-16T00:36:00","2023-01-07T03:30:00","NULL","NULL","NULL","NULL","NULL","NULL","NULL","NULL","NULL","SVO"
"145","1","184","2022-11-16T00:36:00","2023-01-07T03:30:00","NULL","NULL","NULL","NULL","NULL","NULL","NULL","NULL","NULL","SVO"
"156","1","196","2022-11-16T00:36:00","2023-01-07T03:30:00","NULL","NULL","NULL","NULL","NULL","NULL","NULL","NULL","NULL","SVO"
"157","1","197","2022-12-16T03:00:00","2022-12-19T06:05:00","NULL","NULL","NULL","NULL","NULL","NULL","NULL","NULL","NULL","LED"
"184","1","234","2022-11-16T00:36:00","2023-01-07T03:30:00","NULL","NULL","NULL","150108","NULL","NULL","NULL","NULL","NULL","SVO"
"159","1","200","2022-11-16T00:36:00","2023-01-07T03:30:00","NULL","NULL","NULL","NULL","NULL","NULL","NULL","NULL","NULL","SVO"
"160","1","202","2022-11-16T00:36:00","2023-01-07T03:30:00","NULL","NULL","NULL","NULL","NULL","NULL","NULL","NULL","NULL","SVO"
"161","1","203","2022-11-16T00:36:00","2023-01-07T03:30:00","NULL","NULL","NULL","NULL","NULL","NULL","NULL","NULL","NULL","SVO"
"162","1","204","2022-11-16T00:36:00","2023-01-07T03:30:00","NULL","NULL","NULL","NULL","NULL","NULL","NULL","NULL","NULL","SVO"
"163","1","205","2022-12-16T04:10:00","2022-12-23T07:15:00","NULL","NULL","NULL","NULL","NULL","NULL","NULL","NULL","NULL","LED"
"164","1","207","2022-11-03T02:00:00","2022-11-18T03:30:00","NULL","NULL","NULL","NULL","NULL","NULL","NULL","NULL","NULL","SVO"
"185","1","236","2022-11-16T00:36:00","2023-01-07T03:30:00","NULL","NULL","NULL","150108","NULL","NULL","NULL","NULL","NULL","SVO"
"158","2","199","2022-11-03T02:00:00","2022-11-18T03:30:00","NULL","NULL","NULL","3090","NULL","NULL","NULL","NULL","NULL","SVO"
"166","1","209","2022-12-20T05:25:00","2022-12-25T08:25:00","NULL","NULL","NULL","14760","NULL","NULL","NULL","NULL","NULL","SVO"
"167","1","210","2022-12-20T05:25:00","2022-12-25T08:25:00","NULL","NULL","NULL","14760","NULL","NULL","NULL","NULL","NULL","SVO"
"168","1","212","2022-11-03T02:00:00","2022-11-18T03:30:00","NULL","NULL","NULL","3090","NULL","NULL","NULL","NULL","NULL","SVO"
"169","1","213","2022-12-19T05:00:00","2022-12-21T08:05:00","NULL","NULL","NULL","6130","NULL","NULL","NULL","NULL","NULL","LED"
"170","1","214","2022-12-20T05:00:00","2022-12-22T08:05:00","NULL","NULL","NULL","6130","NULL","NULL","NULL","NULL","NULL","LED"
"171","1","219","2022-11-16T00:36:00","2023-01-07T03:30:00","NULL","NULL","NULL","150108","NULL","NULL","NULL","NULL","NULL","SVO"
"172","1","221","2022-11-16T00:36:00","2023-01-07T03:30:00","NULL","NULL","NULL","150108","NULL","NULL","NULL","NULL","NULL","SVO"
"173","1","223","2022-12-16T07:15:00","2022-12-22T10:35:00","NULL","NULL","NULL","17680","NULL","NULL","NULL","NULL","NULL","SVO"
"174","1","224","2022-11-16T00:36:00","2023-01-07T03:30:00","NULL","NULL","NULL","150108","NULL","NULL","NULL","NULL","NULL","SVO"
"175","1","225","2022-11-16T01:56:00","2022-12-29T05:35:00","NULL","NULL","NULL","124278","NULL","NULL","NULL","NULL","NULL","SVO"
"176","1","226","2022-11-16T00:36:00","2023-01-07T03:30:00","NULL","NULL","NULL","150108","NULL","NULL","NULL","NULL","NULL","SVO"
"177","1","227","2022-12-16T05:25:00","2022-12-19T08:25:00","NULL","NULL","NULL","9000","NULL","NULL","NULL","NULL","NULL","SVO"
"178","1","228","2022-12-16T06:40:00","2022-12-23T09:40:00","NULL","NULL","NULL","20520","NULL","NULL","NULL","NULL","NULL","SVO"
"179","1","229","2022-11-16T00:36:00","2023-01-07T03:30:00","NULL","NULL","NULL","150108","NULL","NULL","NULL","NULL","NULL","SVO"
"180","1","230","2022-11-16T00:36:00","2023-01-07T03:30:00","NULL","NULL","NULL","150108","NULL","NULL","NULL","NULL","NULL","SVO"
"181","1","231","2022-11-03T02:00:00","2022-11-18T03:30:00","NULL","NULL","NULL","3090","NULL","NULL","NULL","NULL","NULL","SVO"
"182","1","232","2022-11-03T02:00:00","2022-11-18T03:30:00","NULL","NULL","NULL","3090","NULL","NULL","NULL","NULL","NULL","SVO"
"183","1","233","2022-11-16T00:36:00","2023-01-07T03:30:00","NULL","NULL","NULL","150108","NULL","NULL","NULL","NULL","NULL","SVO"
"186","1","237","2022-12-16T07:15:00","2022-12-22T10:35:00","NULL","NULL","NULL","17680","NULL","NULL","NULL","NULL","NULL","SVO"
"187","1","238","2022-12-16T04:10:00","2022-12-23T07:15:00","NULL","NULL","NULL","20530","NULL","NULL","NULL","NULL","NULL","LED"
"188","1","242","2022-12-16T03:10:00","2023-03-25T06:20:00","NULL","NULL","NULL","285500","NULL","NULL","NULL","NULL","NULL","SVO"
"189","1","243","2022-11-16T00:36:00","2023-01-07T03:30:00","NULL","NULL","NULL","150108","NULL","NULL","NULL","NULL","NULL","SVO"
"190","1","244","2022-11-16T00:36:00","2023-01-07T03:30:00","NULL","NULL","NULL","150108","NULL","NULL","NULL","NULL","NULL","SVO"
"191","1","245","2022-11-16T00:36:00","2023-01-07T03:30:00","NULL","NULL","NULL","150108","NULL","NULL","NULL","NULL","NULL","SVO"
"192","1","247","2022-12-18T05:55:00","2022-12-24T11:15:00","NULL","NULL","NULL","17920","NULL","NULL","NULL","NULL","NULL","KGD"
"193","1","250","2022-11-16T00:36:00","2023-01-07T03:30:00","NULL","NULL","NULL","150108","NULL","NULL","NULL","NULL","NULL","SVO"
"195","1","252","2022-11-03T02:00:00","2022-11-18T03:30:00","NULL","NULL","NULL","3090","NULL","NULL","NULL","NULL","NULL","SVO"
"196","1","253","2022-11-03T02:00:00","2022-11-18T03:30:00","NULL","NULL","NULL","3090","NULL","NULL","NULL","NULL","NULL","SVO"
"197","1","257","2022-11-03T02:00:00","2022-11-18T03:30:00","NULL","NULL","NULL","3090","NULL","NULL","NULL","NULL","NULL","SVO"
"198","1","258","2023-01-09T05:25:00","2023-01-14T08:25:00","NULL","NULL","NULL","14760","NULL","NULL","NULL","NULL","NULL","SVO"
"199","1","259","2023-01-24T02:00:00","2023-01-25T04:03:00","NULL","NULL","NULL","NULL","840","NULL","NULL","NULL","NULL","SVO"
"200","1","264","2022-12-16T05:25:00","2022-12-19T08:25:00","NULL","NULL","NULL","9000","NULL","NULL","NULL","NULL","NULL","SVO"
"201","1","268","2022-12-30T05:25:00","2023-01-05T08:25:00","NULL","NULL","NULL","17640","NULL","NULL","NULL","NULL","NULL","SVO"
"202","1","274","2022-12-16T05:25:00","2022-12-19T08:25:00","NULL","NULL","NULL","9000","NULL","NULL","NULL","NULL","NULL","SVO"
"203","1","277","2022-12-16T04:10:00","2022-12-23T07:15:00","NULL","NULL","NULL","20530","NULL","NULL","NULL","NULL","NULL","LED"
"204","1","278","2022-12-17T05:00:00","2022-12-18T08:05:00","NULL","NULL","NULL","3250","NULL","NULL","NULL","NULL","NULL","LED"
"205","1","280","2023-01-02T06:40:00","2023-03-25T09:40:00","NULL","NULL","NULL","236520","NULL","NULL","NULL","NULL","NULL","SVO"
"206","1","282","2022-11-16T00:36:00","2023-01-07T03:30:00","NULL","NULL","NULL","150108","NULL","NULL","NULL","NULL","NULL","SVO"
"207","1","283","2022-11-16T00:36:00","2023-01-07T03:30:00","NULL","NULL","NULL","150108","NULL","NULL","NULL","NULL","NULL","SVO"
"208","1","284","2022-11-16T00:36:00","2023-01-07T03:30:00","NULL","NULL","NULL","150108","NULL","NULL","NULL","NULL","NULL","SVO"
"209","1","285","2022-11-16T00:36:00","2023-01-07T03:30:00","NULL","NULL","NULL","150108","NULL","NULL","NULL","NULL","NULL","SVO"
"210","1","286","2022-11-16T00:36:00","2023-01-07T03:30:00","NULL","NULL","NULL","150108","NULL","NULL","NULL","NULL","NULL","SVO"
"211","1","287","2022-12-20T05:25:00","2022-12-25T08:25:00","NULL","NULL","NULL","14760","NULL","NULL","NULL","NULL","NULL","SVO"
"212","1","288","2022-11-16T00:36:00","2023-01-07T03:30:00","NULL","NULL","NULL","150108","NULL","NULL","NULL","NULL","NULL","SVO"
"213","1","289","2022-11-16T00:36:00","2023-01-07T03:30:00","NULL","NULL","NULL","150108","NULL","NULL","NULL","NULL","NULL","SVO"
"214","1","290","2022-11-16T00:36:00","2023-01-07T03:30:00","NULL","NULL","NULL","150108","NULL","NULL","NULL","NULL","NULL","SVO"
"215","1","291","2022-11-16T00:36:00","2023-01-07T03:30:00","NULL","NULL","NULL","150108","NULL","NULL","NULL","NULL","NULL","SVO"
"216","1","292","2022-11-16T00:36:00","2023-01-07T03:30:00","NULL","NULL","NULL","150108","NULL","NULL","NULL","NULL","NULL","SVO"
"217","1","293","2022-11-16T00:36:00","2023-01-07T03:30:00","NULL","NULL","NULL","150108","NULL","NULL","NULL","NULL","NULL","SVO"
"218","1","294","2022-11-16T00:36:00","2023-01-07T03:30:00","NULL","NULL","NULL","150108","NULL","NULL","NULL","NULL","NULL","SVO"
"219","1","295","2022-11-16T00:36:00","2023-01-07T03:30:00","NULL","NULL","NULL","150108","NULL","NULL","NULL","NULL","NULL","SVO"
"220","1","296","2022-11-16T00:36:00","2023-01-07T03:30:00","NULL","NULL","NULL","150108","NULL","NULL","NULL","NULL","NULL","SVO"
"221","1","297","2022-11-16T00:36:00","2023-01-07T03:30:00","NULL","NULL","NULL","150108","NULL","NULL","NULL","NULL","NULL","SVO"
"222","1","298","2022-11-16T00:36:00","2023-01-07T03:30:00","NULL","NULL","NULL","150108","NULL","NULL","NULL","NULL","NULL","SVO"
"223","1","299","2022-11-16T00:36:00","2023-01-07T03:30:00","NULL","NULL","NULL","150108","NULL","NULL","NULL","NULL","NULL","SVO"
"224","1","300","2022-11-16T00:36:00","2023-01-07T03:30:00","NULL","NULL","NULL","150108","NULL","NULL","NULL","NULL","NULL","SVO"
"225","1","301","2022-11-16T00:36:00","2023-01-07T03:30:00","NULL","NULL","NULL","150108","NULL","NULL","NULL","NULL","NULL","SVO"
"226","1","302","2022-11-16T00:36:00","2023-01-07T03:30:00","NULL","NULL","NULL","150108","NULL","NULL","NULL","NULL","NULL","SVO"
"227","1","303","2022-11-16T00:36:00","2023-01-07T03:30:00","NULL","NULL","NULL","150108","NULL","NULL","NULL","NULL","NULL","SVO"
"228","1","304","2022-11-16T00:36:00","2023-01-07T03:30:00","NULL","NULL","NULL","150108","NULL","NULL","NULL","NULL","NULL","SVO"
"229","1","305","2022-11-16T00:36:00","2023-01-07T03:30:00","NULL","NULL","NULL","150108","NULL","NULL","NULL","NULL","NULL","SVO"
"230","1","306","2022-11-16T00:36:00","2023-01-07T03:30:00","NULL","NULL","NULL","150108","NULL","NULL","NULL","NULL","NULL","SVO"
"245","2","332","2022-11-18T03:30:00","2022-11-20T07:00:00","NULL","NULL","NULL","3090","NULL","3090","NULL","0","NULL","SVO"
"246","1","333","2023-01-07T03:30:00","2023-01-07T14:30:00","NULL","NULL","960","150108","660","660","NULL","165","NULL","SVO"
"247","1","335","2023-01-07T03:30:00","2023-01-07T14:30:00","NULL","NULL","960","150108","660","660","NULL","165","NULL","SVO"
"248","1","336","2023-01-07T03:30:00","2023-01-07T14:30:00","NULL","NULL","960","150108","660","660","NULL","165","NULL","SVO"
"249","1","338","2022-12-22T10:35:00","2022-12-22T21:35:00","NULL","NULL","960","17680","660","660","NULL","165","NULL","SVO"
"250","1","339","2022-12-29T05:35:00","2022-12-29T16:35:00","NULL","NULL","960","124278","660","660","NULL","165","NULL","SVO"
"251","1","345","2023-01-05T06:05:00","2023-01-05T17:05:00","NULL","NULL","960","17650","660","660","NULL","165","NULL","LED"
"252","1","347","2023-01-07T03:30:00","2023-01-07T14:30:00","NULL","NULL","960","150108","660","660","NULL","165","NULL","SVO"
"253","1","348","2023-01-07T03:30:00","2023-01-07T14:30:00","NULL","NULL","960","150108","660","660","NULL","165","NULL","SVO"
"254","1","349","2023-01-07T03:30:00","2023-01-07T14:30:00","NULL","NULL","960","150108","660","660","NULL","165","NULL","SVO"
"255","1","350","2023-01-07T03:30:00","2023-01-07T14:30:00","NULL","NULL","960","150108","660","660","NULL","165","NULL","SVO"
"256","1","351","2023-01-07T03:30:00","2023-01-07T14:30:00","NULL","NULL","960","150108","660","660","NULL","165","NULL","SVO"
"257","1","356","2023-01-07T03:30:00","2023-01-07T14:30:00","NULL","NULL","960","150108","660","660","NULL","165","NULL","SVO"
"258","1","357","2023-01-07T03:30:00","2023-01-07T14:30:00","NULL","NULL","960","150108","660","660","NULL","165","NULL","SVO"
"259","1","360","2023-01-07T03:30:00","2023-01-07T14:30:00","NULL","NULL","960","150108","660","660","NULL","165","NULL","SVO"
"260","1","361","2023-01-07T03:30:00","2023-01-07T14:30:00","NULL","NULL","960","150108","660","660","NULL","165","NULL","SVO"
"261","1","362","2023-01-07T03:30:00","2023-01-07T14:30:00","NULL","NULL","960","150108","660","660","NULL","165","NULL","SVO"
"262","1","363","2023-01-07T03:30:00","2023-01-07T14:30:00","NULL","NULL","960","150108","660","660","NULL","165","NULL","SVO"
"263","1","364","2022-12-22T10:35:00","2022-12-22T21:35:00","NULL","NULL","960","17680","660","660","NULL","165","NULL","SVO"
"264","1","365","2023-01-07T03:30:00","2023-01-07T14:30:00","NULL","NULL","960","150108","660","660","NULL","165","NULL","SVO"
"265","1","366","2023-01-07T03:30:00","2023-01-07T14:30:00","NULL","NULL","960","150108","660","660","NULL","165","NULL","SVO"
"266","1","367","2023-01-07T03:30:00","2023-01-07T14:30:00","NULL","NULL","960","150108","660","660","NULL","165","NULL","SVO"
"267","1","368","2023-01-07T03:30:00","2023-01-07T14:30:00","NULL","NULL","960","150108","660","660","NULL","165","NULL","SVO"
"268","1","369","2023-01-07T03:30:00","2023-01-07T14:30:00","NULL","NULL","960","150108","660","660","NULL","165","NULL","SVO"
"269","1","370","2023-01-07T03:30:00","2023-01-07T14:30:00","NULL","NULL","960","150108","660","660","NULL","165","NULL","SVO"
"270","1","371","2023-01-07T03:30:00","2023-01-07T14:30:00","NULL","NULL","960","150108","660","660","NULL","165","NULL","SVO"
"271","1","372","2023-01-07T03:30:00","2023-01-07T14:30:00","NULL","NULL","960","150108","660","660","NULL","165","NULL","SVO"
"272","1","373","2023-01-07T03:30:00","2023-01-07T14:30:00","NULL","NULL","960","150108","660","660","NULL","165","NULL","SVO"
"273","1","374","2023-01-07T03:30:00","2023-01-07T14:30:00","NULL","NULL","960","150108","660","660","NULL","165","NULL","SVO"
"274","1","375","2023-01-07T03:30:00","2023-01-07T14:30:00","NULL","NULL","960","150108","660","660","NULL","165","NULL","SVO"
"275","1","376","2023-01-07T03:30:00","2023-01-07T14:30:00","NULL","NULL","960","150108","660","660","NULL","165","NULL","SVO"
"276","1","377","2023-01-07T03:30:00","2023-01-07T14:30:00","NULL","NULL","960","150108","660","660","NULL","165","NULL","SVO"
"277","1","378","2023-01-07T03:30:00","2023-01-07T14:30:00","NULL","NULL","960","150108","660","660","NULL","165","NULL","SVO"
"278","1","379","2023-01-07T03:30:00","2023-01-07T14:30:00","NULL","NULL","960","150108","660","660","NULL","165","NULL","SVO"
"279","1","380","2023-01-07T03:30:00","2023-01-07T14:30:00","NULL","NULL","960","150108","660","660","NULL","165","NULL","SVO"
"280","1","381","2023-01-07T03:30:00","2023-01-07T14:30:00","NULL","NULL","960","150108","660","660","NULL","165","NULL","SVO"
"281","1","382","2023-01-07T03:30:00","2023-01-07T14:30:00","NULL","NULL","960","150108","660","660","NULL","165","NULL","SVO"
"282","1","383","2023-01-07T03:30:00","2023-01-07T14:30:00","NULL","NULL","960","150108","660","660","NULL","165","NULL","SVO"
"283","1","384","2023-01-07T03:30:00","2023-01-07T14:30:00","NULL","NULL","960","150108","660","660","NULL","165","NULL","SVO"
"284","1","NULL","2023-01-07T03:30:00","2023-01-07T14:30:00","NULL","NULL","960","150108","660","660","NULL","165","NULL","SVO"
"285","1","386","2023-01-07T03:30:00","2023-01-07T14:30:00","NULL","NULL","960","150108","660","660","NULL","165","NULL","SVO"
"286","1","387","2023-01-07T03:30:00","2023-01-07T14:30:00","NULL","NULL","960","150108","660","660","NULL","165","NULL","SVO"
"287","1","388","2023-01-07T03:30:00","2023-01-07T14:30:00","NULL","NULL","960","150108","660","660","NULL","165","NULL","SVO"
"288","1","389","2023-01-07T03:30:00","2023-01-07T14:30:00","NULL","NULL","960","150108","660","660","NULL","165","NULL","SVO"
"289","2","390","2022-11-18T03:30:00","2022-11-20T07:00:00","NULL","NULL","NULL","3090","NULL","3090","NULL","0","NULL","SVO"
"290","1","391","2022-12-29T05:35:00","2022-12-29T16:35:00","NULL","NULL","960","124278","660","660","NULL","165","NULL","SVO"
"291","1","392","2022-12-19T09:10:00","2022-12-19T20:10:00","NULL","NULL","960","6120","660","660","NULL","165","NULL","LED"
"194","1","251","2022-12-19T06:05:00","2022-12-19T17:05:00","NULL","NULL","960","9010","660","660","NULL","165","NULL","LED"
"294","2","395","2022-11-18T03:30:00","2022-11-20T07:00:00","NULL","NULL","NULL","3090","NULL","3090","NULL","0","NULL","SVO"
"295","1","396","2022-12-29T05:35:00","2022-12-29T16:35:00","NULL","NULL","960","124278","660","660","NULL","165","NULL","SVO"
"296","1","398","2023-01-07T03:30:00","2023-01-07T14:30:00","NULL","NULL","960","150108","660","660","NULL","165","NULL","SVO"
"297","1","400","2023-01-07T03:30:00","2023-01-07T14:30:00","NULL","NULL","960","150108","660","660","NULL","165","NULL","SVO"
"298","1","401","2022-12-22T10:35:00","2022-12-22T21:35:00","NULL","NULL","960","17680","660","660","NULL","165","NULL","SVO"
"418","1","NULL","2022-12-22T10:35:00","2022-12-22T21:35:00","NULL","NULL","960","17680","660","660","NULL","165","NULL","SVO"
"419","1","NULL","2023-01-07T03:30:00","2023-01-07T14:30:00","NULL","NULL","960","150108","660","660","NULL","165","NULL","SVO"
"429","1","528","2023-01-07T03:30:00","2023-01-08T02:50:00","NULL","NULL","960","150108","660","1400","NULL","350","NULL","SVO"
"430","1","529","2023-01-17T04:50:00","2023-01-17T15:50:00","NULL","NULL","960","26160","660","660","NULL","165","NULL","SVX"
"441","3","546","2022-12-16T08:35:00","2022-12-16T09:25:00","NULL","NULL","40","180","NULL","50","NULL","50","NULL","LED"
"432","1","531","2023-01-17T04:50:00","2023-01-17T15:50:00","NULL","NULL","960","26160","660","660","NULL","165","NULL","SVX"
"431","1","530","2023-01-07T03:30:00","2023-01-08T02:50:00","NULL","NULL","960","150108","660","1400","NULL","350","NULL","SVO"
"433","1","532","2023-01-17T04:50:00","2023-01-17T15:50:00","NULL","NULL","960","26160","660","660","NULL","165","NULL","SVX"
"446","3","549","2022-12-16T08:35:00","2022-12-16T09:25:00","NULL","NULL","40","180","NULL","50","NULL","50","NULL","LED"
"299","1","404","2022-12-22T10:35:00","2022-12-22T21:35:00","NULL","NULL","960","17680","660","660","NULL","165","NULL","SVO"
"300","1","405","2023-01-25T04:03:00","2023-01-27T08:09:00","NULL","NULL","1080","3126","840","3126","NULL","0","NULL","SVO"
"301","1","406","2023-03-25T09:40:00","2023-03-25T20:40:00","NULL","NULL","960","236520","660","660","NULL","165","NULL","SVO"
"302","1","409","2022-12-22T10:35:00","2022-12-22T21:35:00","NULL","NULL","960","17680","660","660","NULL","165","NULL","SVO"
"303","1","410","2022-12-19T07:20:00","2022-12-19T18:20:00","NULL","NULL","960","9040","660","660","NULL","165","NULL","SVO"
"397","1","NULL","2022-12-22T10:35:00","2022-12-22T21:35:00","NULL","NULL","960","17680","660","660","NULL","165","NULL","SVO"
"304","1","NULL","2022-12-22T10:35:00","2022-12-22T21:35:00","NULL","NULL","960","17680","660","660","NULL","165","NULL","SVO"
"476","3","572","2022-12-16T08:35:00","2022-12-16T09:25:00","NULL","NULL","40","180","NULL","50","NULL","50","NULL","LED"
"326","1","433","2022-12-22T10:35:00","2022-12-22T21:35:00","NULL","NULL","960","17680","660","660","NULL","165","NULL","SVO"
"421","1","NULL","2022-12-22T10:35:00","2022-12-22T21:35:00","NULL","NULL","960","17680","660","660","NULL","165","NULL","SVO"
"422","1","NULL","2023-01-07T03:30:00","2023-01-07T14:30:00","NULL","NULL","960","150108","660","660","NULL","165","NULL","SVO"
"434","2","533","2022-11-18T03:30:00","2022-11-20T07:00:00","NULL","NULL","NULL","3090","NULL","3090","NULL","0","NULL","SVO"
"332","1","NULL","2023-01-17T04:50:00","2023-01-17T15:50:00","NULL","NULL","960","26160","660","660","NULL","165","NULL","SVX"
"435","1","541","2023-02-07T18:55:00","2023-02-08T05:55:00","NULL","NULL","720","900","660","660","NULL","165","NULL","SVO"
"333","1","439","2023-01-17T04:50:00","2023-01-17T15:50:00","NULL","NULL","960","26160","660","660","NULL","165","NULL","SVX"
"436","1","542","2022-12-16T18:15:00","2022-12-17T04:15:00","NULL","NULL","600","360","660","600","NULL","150","NULL","SVO"
"339","1","444","2022-12-23T09:40:00","2022-12-23T20:40:00","NULL","NULL","960","20520","660","660","NULL","165","NULL","SVO"
"345","1","449","2022-12-19T06:05:00","2022-12-19T17:05:00","NULL","NULL","960","9010","660","660","NULL","165","NULL","LED"
"346","1","450","2022-12-19T06:05:00","2022-12-19T17:05:00","NULL","NULL","960","9010","660","660","NULL","165","NULL","LED"
"323","1","NULL","2022-12-22T10:35:00","2022-12-22T21:35:00","NULL","NULL","960","17680","660","660","NULL","165","NULL","SVO"
"452","3","553","2022-12-16T08:35:00","2022-12-16T09:20:00","NULL","NULL","NULL","180","NULL","45","NULL","45","NULL","LED"
"352","1","NULL","2022-12-22T10:35:00","2022-12-22T21:35:00","NULL","NULL","960","17680","660","660","NULL","165","NULL","SVO"
"453","1","554","2022-12-17T01:10:00","2022-12-17T15:10:00","NULL","NULL","720","1170","840","840","NULL","0","NULL","SVO"
"437","1","543","2022-12-29T14:30:00","2022-12-30T04:30:00","NULL","NULL","720","640","840","840","NULL","0","NULL","SVO"
"360","1","NULL","2022-12-22T10:35:00","2022-12-22T21:35:00","NULL","NULL","960","17680","660","660","NULL","165","NULL","SVO"
"438","3","543","2022-12-29T11:40:00","2022-12-29T12:30:00","NULL","NULL","40","180","NULL","50","NULL","50","NULL","LED"
"369","1","NULL","2022-12-22T10:35:00","2022-12-22T21:35:00","NULL","NULL","960","17680","660","660","NULL","165","NULL","SVO"
"442","1","547","2022-12-16T09:05:00","2022-12-16T19:05:00","NULL","NULL","600","370","660","600","NULL","150","NULL","LED"
"454","3","554","2022-12-16T22:25:00","2022-12-16T23:10:00","NULL","NULL","NULL","180","NULL","45","NULL","45","NULL","LED"
"325","1","432","2023-01-07T03:30:00","2023-01-08T02:50:00","NULL","NULL","960","150108","660","1400","NULL","350","NULL","SVO"
"393","1","485","2023-01-17T04:50:00","2023-01-17T15:50:00","NULL","NULL","960","26160","660","660","NULL","165","NULL","SVX"
"379","1","NULL","2022-12-22T10:35:00","2022-12-22T21:35:00","NULL","NULL","960","17680","660","660","NULL","165","NULL","SVO"
"443","1","548","2022-12-16T11:25:00","2022-12-17T01:25:00","NULL","NULL","720","650","840","840","NULL","0","NULL","SVO"
"394","1","NULL","2022-12-22T10:35:00","2022-12-22T21:35:00","NULL","NULL","960","17680","660","660","NULL","165","NULL","SVO"
"395","1","NULL","2022-12-22T10:35:00","2022-12-22T21:35:00","NULL","NULL","960","17680","660","660","NULL","165","NULL","SVO"
"458","1","559","2022-12-16T15:55:00","2022-12-17T01:55:00","NULL","NULL","600","1190","660","600","NULL","150","NULL","IST"
"459","3","559","2022-12-16T08:35:00","2022-12-16T09:20:00","NULL","NULL","NULL","180","NULL","45","NULL","45","NULL","LED"
"400","1","492","2023-01-17T04:50:00","2023-01-17T15:50:00","NULL","NULL","960","26160","660","660","NULL","165","NULL","SVX"
"462","3","562","2022-12-16T08:35:00","2022-12-16T09:20:00","NULL","NULL","NULL","180","NULL","45","NULL","45","NULL","LED"
"447","2","550","2022-12-16T18:00:00","2022-12-23T22:50:00","NULL","NULL","NULL","NULL","NULL","10370","NULL","0","NULL","AER"
"448","3","550","2022-12-16T09:45:00","2022-12-16T12:50:00","NULL","NULL","NULL","180","NULL","185","NULL","185","NULL","LED"
"449","2","551","2022-12-24T04:25:00","2022-12-26T07:00:00","NULL","NULL","NULL","3035","NULL","3035","NULL","0","NULL","SVO"
"463","1","563","2022-12-16T11:25:00","2022-12-17T08:50:00","NULL","NULL","600","360","660","1285","NULL","322","NULL","SVO"
"472","3","569","2022-12-16T08:35:00","2022-12-16T09:25:00","NULL","NULL","40","180","NULL","50","NULL","50","NULL","LED"
"409","1","NULL","2023-01-07T03:30:00","2023-01-07T14:30:00","NULL","NULL","960","150108","660","660","NULL","165","NULL","SVO"
"424","1","411","2022-12-22T10:35:00","2022-12-22T21:35:00","NULL","NULL","960","17680","660","660","NULL","165","NULL","SVO"
"401","1","493","2023-03-25T07:30:00","2023-03-25T18:30:00","NULL","NULL","960","216390","660","660","NULL","165","NULL","KZN"
"425","1","507","2023-01-07T03:30:00","2023-01-07T14:30:00","NULL","NULL","960","150108","660","660","NULL","165","NULL","SVO"
"399","1","491","2023-01-07T03:30:00","2023-01-07T14:30:00","NULL","NULL","960","150108","660","660","NULL","165","NULL","SVO"
"402","1","495","2022-12-22T10:35:00","2022-12-22T21:35:00","NULL","NULL","960","17680","660","660","NULL","165","NULL","SVO"
"403","1","498","2022-12-17T08:50:00","2022-12-17T19:50:00","NULL","NULL","960","3130","660","660","NULL","165","NULL","OSW"
"404","1","499","2023-01-07T03:30:00","2023-01-07T14:30:00","NULL","NULL","960","150108","660","660","NULL","165","NULL","SVO"
"439","1","544","2022-12-16T11:25:00","2022-12-16T21:25:00","NULL","NULL","600","360","660","600","NULL","150","NULL","SVO"
"405","2","500","2023-01-07T03:30:00","2023-01-11T03:35:00","NULL","NULL","NULL","NULL","NULL","5765","NULL","0","NULL","SVO"
"406","1","501","2023-03-25T05:15:00","2023-03-25T16:15:00","NULL","NULL","960","210440","660","660","NULL","165","NULL","UFA"
"348","1","452","2022-12-19T06:05:00","2022-12-19T14:25:00","NULL","NULL","960","9010","660","500","NULL","125","NULL","LED"
"407","2","502","2022-12-22T17:25:00","2022-12-24T12:25:00","NULL","NULL","NULL","2580","NULL","2580","NULL","0","NULL","SVO"
"408","1","506","2022-12-23T09:40:00","2022-12-23T20:40:00","NULL","NULL","960","20520","660","660","NULL","165","NULL","SVO"
"444","3","548","2022-12-16T08:35:00","2022-12-16T09:25:00","NULL","NULL","40","180","NULL","50","NULL","50","NULL","LED"
"450","1","552","2022-12-17T09:05:00","2022-12-17T19:05:00","NULL","NULL","600","370","660","600","NULL","150","NULL","LED"
"455","1","555","2022-12-16T09:05:00","2022-12-16T19:05:00","NULL","NULL","600","370","660","600","NULL","150","NULL","LED"
"460","1","561","2022-12-20T09:05:00","2022-12-20T19:05:00","NULL","NULL","600","370","660","600","NULL","150","NULL","LED"
"464","1","564","2022-12-17T14:20:00","2022-12-18T00:20:00","NULL","NULL","600","660","660","600","NULL","150","NULL","EVN"
"411","1","509","2023-02-14T19:30:00","2023-02-15T06:30:00","NULL","NULL","960","81400","660","660","NULL","165","NULL","SVO"
"410","1","508","2023-01-17T04:50:00","2023-01-17T15:50:00","NULL","NULL","960","26160","660","660","NULL","165","NULL","SVX"
"471","1","569","2022-12-16T11:25:00","2022-12-17T01:25:00","NULL","NULL","720","650","840","840","NULL","0","NULL","SVO"
"473","1","570","2022-12-16T15:55:00","2022-12-17T01:55:00","NULL","NULL","600","1190","660","600","NULL","150","NULL","IST"
"474","3","570","2022-12-16T08:35:00","2022-12-16T09:20:00","NULL","NULL","NULL","180","NULL","45","NULL","45","NULL","LED"
"414","1","512","2023-02-14T19:30:00","2023-02-15T06:30:00","NULL","NULL","960","81400","660","660","NULL","165","NULL","SVO"
"477","1","573","2022-12-16T19:30:00","2022-12-18T20:40:00","NULL","NULL","600","420","660","2950","NULL","738","NULL","SVO"
"465","1","565","2022-12-16T15:55:00","2022-12-16T15:25:00","NULL","NULL","600","1190","660","-30","NULL","-7","NULL","IST"
"466","3","565","2022-12-16T08:35:00","2022-12-16T09:20:00","NULL","NULL","NULL","180","NULL","45","NULL","45","NULL","LED"
"467","1","566","2022-12-17T01:10:00","2022-12-17T15:10:00","NULL","NULL","720","1170","840","840","NULL","0","NULL","SVO"
"468","3","566","2022-12-16T22:25:00","2022-12-16T23:10:00","NULL","NULL","NULL","180","NULL","45","NULL","45","NULL","LED"
"470","3","NULL","2022-12-16T08:35:00","2022-12-16T09:20:00","NULL","NULL","NULL","180","NULL","45","NULL","45","NULL","LED"
"469","1","567","2022-12-16T09:05:00","2022-12-16T19:05:00","NULL","NULL","600","370","660","600","NULL","150","NULL","LED"
"427","1","526","2023-01-07T03:30:00","2023-01-07T14:30:00","NULL","NULL","960","150108","660","660","NULL","165","NULL","SVO"
"415","1","513","2023-02-14T19:30:00","2023-02-15T06:30:00","NULL","NULL","960","81400","660","660","NULL","165","NULL","SVO"
"428","1","527","2023-01-07T03:30:00","2023-01-07T14:30:00","NULL","NULL","960","150108","660","660","NULL","165","NULL","SVO"
"412","1","510","2023-01-07T03:30:00","2023-01-08T02:50:00","NULL","NULL","960","150108","660","1400","NULL","350","NULL","SVO"
"413","1","511","2023-01-17T04:50:00","2023-01-17T15:50:00","NULL","NULL","960","26160","660","660","NULL","165","NULL","SVX"
"416","1","514","2022-12-22T10:35:00","2022-12-22T21:35:00","NULL","NULL","960","17680","660","660","NULL","165","NULL","SVO"
"417","1","516","2023-01-07T03:30:00","2023-01-07T14:30:00","NULL","NULL","960","150108","660","660","NULL","165","NULL","SVO"
"440","1","546","2022-12-16T11:25:00","2022-12-17T01:25:00","NULL","NULL","720","650","840","840","NULL","0","NULL","SVO"
"445","1","549","2022-12-16T11:25:00","2022-12-17T01:25:00","NULL","NULL","720","650","840","840","NULL","0","NULL","SVO"
"451","1","553","2022-12-16T15:55:00","2022-12-16T15:25:00","NULL","NULL","600","1190","660","-30","NULL","-7","NULL","IST"
"456","1","556","2022-12-16T09:05:00","2022-12-18T08:20:00","NULL","NULL","600","370","660","2835","NULL","709","NULL","LED"
"457","1","557","2022-12-18T15:55:00","2022-12-19T01:55:00","NULL","NULL","600","910","660","600","NULL","150","NULL","IST"
"461","1","562","2022-12-16T15:55:00","2022-12-17T01:55:00","NULL","NULL","600","1190","660","600","NULL","150","NULL","IST"
"475","1","572","2022-12-16T11:25:00","2022-12-17T01:25:00","NULL","NULL","720","650","840","840","NULL","0","NULL","SVO"
"478","1","574","2022-12-19T04:05:00","2022-12-19T15:05:00","NULL","NULL","720","1010","660","660","NULL","165","NULL","IKT"
