"id","eco_id","duty_type_id","night","hard","briefing_time","debriefing_time","flight_time","crew_type_id","duty_group_id","acclimatization","increased_one_hour","night_departure","night_arrival","date_start_plan_utc","date_end_plan_utc","date_start_fact_utc","date_end_fact_utc","rps_briefing_time","rps_debriefing_time","duration_plan","duration_fact","duration_right_max","block_time","work_time_plan","work_time_fact","briefing_work_time","debriefing_work_time","rps_briefing_work_time","rps_debriefing_work_time","duration_plan_max"
"1","NULL","NULL","true","true","NULL","NULL","NULL","NULL","NULL","NULL","true","true","true","2023-02-17T15:55:02.542","2023-02-17T17:55:04.983","2023-02-17T15:55:12.213","2023-02-17T18:55:14.151","NULL","NULL","NULL","NULL","NULL","NULL","3","NULL","NULL","NULL","NULL","NULL","NULL"
"10","NULL","1","NULL","NULL","NULL","NULL","345","1","2076473554","NULL","false","NULL","NULL","NULL","NULL","NULL","NULL","NULL","NULL","NULL","NULL","NULL","NULL","345","NULL","NULL","NULL","NULL","NULL","NULL"
"11","NULL","1","NULL","NULL","NULL","NULL","345","1","2076473555","NULL","false","NULL","NULL","NULL","NULL","NULL","NULL","NULL","NULL","NULL","NULL","NULL","NULL","345","NULL","NULL","NULL","NULL","NULL","NULL"
"12","NULL","1","NULL","NULL","NULL","NULL","135","1","2076475245","NULL","false","NULL","NULL","NULL","NULL","NULL","NULL","NULL","NULL","NULL","NULL","NULL","NULL","135","NULL","NULL","NULL","NULL","NULL","NULL"
"13","NULL","1","NULL","NULL","NULL","NULL","170","1","2076475244","NULL","false","NULL","NULL","NULL","NULL","NULL","NULL","NULL","NULL","NULL","NULL","NULL","NULL","170","NULL","NULL","NULL","NULL","NULL","NULL"
"14","NULL","1","NULL","NULL","NULL","NULL","170","1","2076475215","NULL","false","NULL","NULL","NULL","NULL","NULL","NULL","NULL","NULL","NULL","NULL","NULL","NULL","170","NULL","NULL","NULL","NULL","NULL","NULL"
"15","NULL","1","NULL","NULL","NULL","NULL","145","1","2076475192","NULL","false","NULL","NULL","NULL","NULL","NULL","NULL","NULL","NULL","NULL","NULL","NULL","NULL","145","NULL","NULL","NULL","NULL","NULL","NULL"
"16","NULL","1","NULL","NULL","NULL","NULL","145","1","2076475195","NULL","false","NULL","NULL","NULL","NULL","NULL","NULL","NULL","NULL","NULL","NULL","NULL","NULL","145","NULL","NULL","NULL","NULL","NULL","NULL"
"17","NULL","1","NULL","NULL","NULL","NULL","135","1","2076475157","NULL","false","NULL","NULL","NULL","NULL","NULL","NULL","NULL","NULL","NULL","NULL","NULL","NULL","135","NULL","NULL","NULL","NULL","NULL","NULL"
"18","NULL","1","NULL","NULL","NULL","NULL","135","1","2076475156","NULL","false","NULL","NULL","NULL","NULL","NULL","NULL","NULL","NULL","NULL","NULL","NULL","NULL","135","NULL","NULL","NULL","NULL","NULL","NULL"
"19","NULL","1","NULL","NULL","NULL","NULL","135","1","2076475159","NULL","false","NULL","NULL","NULL","NULL","NULL","NULL","NULL","NULL","NULL","NULL","NULL","NULL","135","NULL","NULL","NULL","NULL","NULL","NULL"
"20","NULL","1","NULL","NULL","NULL","NULL","135","1","2076475093","NULL","false","NULL","NULL","NULL","NULL","NULL","NULL","NULL","NULL","NULL","NULL","NULL","NULL","135","NULL","NULL","NULL","NULL","NULL","NULL"
"21","NULL","1","NULL","NULL","NULL","NULL","135","1","2076475095","NULL","false","NULL","NULL","NULL","NULL","NULL","NULL","NULL","NULL","NULL","NULL","NULL","NULL","135","NULL","NULL","NULL","NULL","NULL","NULL"
"22","NULL","1","NULL","NULL","NULL","NULL","140","1","2076475070","NULL","false","NULL","NULL","NULL","NULL","NULL","NULL","NULL","NULL","NULL","NULL","NULL","NULL","140","NULL","NULL","NULL","NULL","NULL","NULL"
"23","NULL","1","NULL","NULL","NULL","NULL","170","1","2076475234","NULL","false","NULL","NULL","NULL","NULL","NULL","NULL","NULL","NULL","NULL","NULL","NULL","NULL","170","NULL","NULL","NULL","NULL","NULL","NULL"
"24","NULL","1","NULL","NULL","NULL","NULL","170","1","2076475237","NULL","false","NULL","NULL","NULL","NULL","NULL","NULL","NULL","NULL","NULL","NULL","NULL","NULL","170","NULL","NULL","NULL","NULL","NULL","NULL"
"25","NULL","1","NULL","NULL","NULL","NULL","170","1","2076475236","NULL","false","NULL","NULL","NULL","NULL","NULL","NULL","NULL","NULL","NULL","NULL","NULL","NULL","170","NULL","NULL","NULL","NULL","NULL","NULL"
"26","NULL","1","NULL","NULL","NULL","NULL","170","1","2076475239","NULL","false","NULL","NULL","NULL","NULL","NULL","NULL","NULL","NULL","NULL","NULL","NULL","NULL","170","NULL","NULL","NULL","NULL","NULL","NULL"
"27","NULL","1","NULL","NULL","NULL","NULL","130","1","2076475214","NULL","false","NULL","NULL","NULL","NULL","NULL","NULL","NULL","NULL","NULL","NULL","NULL","NULL","130","NULL","NULL","NULL","NULL","NULL","NULL"
"28","NULL","1","NULL","NULL","NULL","NULL","130","1","2076475217","NULL","false","NULL","NULL","NULL","NULL","NULL","NULL","NULL","NULL","NULL","NULL","NULL","NULL","130","NULL","NULL","NULL","NULL","NULL","NULL"
"29","NULL","1","NULL","NULL","NULL","NULL","130","1","2076475216","NULL","false","NULL","NULL","NULL","NULL","NULL","NULL","NULL","NULL","NULL","NULL","NULL","NULL","130","NULL","NULL","NULL","NULL","NULL","NULL"
"30","NULL","1","NULL","NULL","NULL","NULL","130","1","2076475219","NULL","false","NULL","NULL","NULL","NULL","NULL","NULL","NULL","NULL","NULL","NULL","NULL","NULL","130","NULL","NULL","NULL","NULL","NULL","NULL"
"31","NULL","1","NULL","NULL","NULL","NULL","130","1","2076475218","NULL","false","NULL","NULL","NULL","NULL","NULL","NULL","NULL","NULL","NULL","NULL","NULL","NULL","130","NULL","NULL","NULL","NULL","NULL","NULL"
"32","NULL","1","NULL","NULL","NULL","NULL","130","1","2076475221","NULL","false","NULL","NULL","NULL","NULL","NULL","NULL","NULL","NULL","NULL","NULL","NULL","NULL","130","NULL","NULL","NULL","NULL","NULL","NULL"
"33","NULL","1","NULL","NULL","NULL","NULL","130","1","2076475220","NULL","false","NULL","NULL","NULL","NULL","NULL","NULL","NULL","NULL","NULL","NULL","NULL","NULL","130","NULL","NULL","NULL","NULL","NULL","NULL"
"34","NULL","1","NULL","NULL","NULL","NULL","130","1","2076475223","NULL","false","NULL","NULL","NULL","NULL","NULL","NULL","NULL","NULL","NULL","NULL","NULL","NULL","130","NULL","NULL","NULL","NULL","NULL","NULL"
"35","NULL","1","NULL","NULL","NULL","NULL","130","1","2076475222","NULL","false","NULL","NULL","NULL","NULL","NULL","NULL","NULL","NULL","NULL","NULL","NULL","NULL","130","NULL","NULL","NULL","NULL","NULL","NULL"
"36","NULL","1","NULL","NULL","NULL","NULL","210","1","2076475328","NULL","false","NULL","NULL","NULL","NULL","NULL","NULL","NULL","NULL","NULL","NULL","NULL","NULL","210","NULL","NULL","NULL","NULL","NULL","NULL"
"37","NULL","1","NULL","NULL","NULL","NULL","210","1","2076475330","NULL","false","NULL","NULL","NULL","NULL","NULL","NULL","NULL","NULL","NULL","NULL","NULL","NULL","210","NULL","NULL","NULL","NULL","NULL","NULL"
"38","NULL","1","NULL","NULL","NULL","NULL","210","1","2076475335","NULL","false","NULL","NULL","NULL","NULL","NULL","NULL","NULL","NULL","NULL","NULL","NULL","NULL","210","NULL","NULL","NULL","NULL","NULL","NULL"
"39","NULL","1","NULL","NULL","NULL","NULL","210","1","2076475337","NULL","false","NULL","NULL","NULL","NULL","NULL","NULL","NULL","NULL","NULL","NULL","NULL","NULL","210","NULL","NULL","NULL","NULL","NULL","NULL"
"40","NULL","1","NULL","NULL","NULL","NULL","210","1","2076475339","NULL","false","NULL","NULL","NULL","NULL","NULL","NULL","NULL","NULL","NULL","NULL","NULL","NULL","210","NULL","NULL","NULL","NULL","NULL","NULL"
"41","NULL","1","NULL","NULL","NULL","NULL","210","1","2076475338","NULL","false","NULL","NULL","NULL","NULL","NULL","NULL","NULL","NULL","NULL","NULL","NULL","NULL","210","NULL","NULL","NULL","NULL","NULL","NULL"
"42","NULL","1","NULL","NULL","NULL","NULL","210","1","2076475340","NULL","false","NULL","NULL","NULL","NULL","NULL","NULL","NULL","NULL","NULL","NULL","NULL","NULL","210","NULL","NULL","NULL","NULL","NULL","NULL"
"43","NULL","1","NULL","NULL","NULL","NULL","210","1","2076471470","NULL","false","NULL","NULL","NULL","NULL","NULL","NULL","NULL","NULL","NULL","NULL","NULL","NULL","210","NULL","NULL","NULL","NULL","NULL","NULL"
"44","NULL","1","NULL","NULL","NULL","NULL","210","1","2076471472","NULL","false","NULL","NULL","NULL","NULL","NULL","NULL","NULL","NULL","NULL","NULL","NULL","NULL","210","NULL","NULL","NULL","NULL","NULL","NULL"
"45","NULL","1","NULL","NULL","NULL","NULL","210","1","2076471474","NULL","false","NULL","NULL","NULL","NULL","NULL","NULL","NULL","NULL","NULL","NULL","NULL","NULL","210","NULL","NULL","NULL","NULL","NULL","NULL"
"46","NULL","1","NULL","NULL","NULL","NULL","210","1","2076471476","NULL","false","NULL","NULL","NULL","NULL","NULL","NULL","NULL","NULL","NULL","NULL","NULL","NULL","210","NULL","NULL","NULL","NULL","NULL","NULL"
"47","NULL","1","NULL","NULL","NULL","NULL","210","1","2076471478","NULL","false","NULL","NULL","NULL","NULL","NULL","NULL","NULL","NULL","NULL","NULL","NULL","NULL","210","NULL","NULL","NULL","NULL","NULL","NULL"
"48","NULL","1","NULL","NULL","NULL","NULL","210","1","2076471480","NULL","false","NULL","NULL","NULL","NULL","NULL","NULL","NULL","NULL","NULL","NULL","NULL","NULL","210","NULL","NULL","NULL","NULL","NULL","NULL"
"49","NULL","1","NULL","NULL","NULL","NULL","210","1","2076471482","NULL","false","NULL","NULL","NULL","NULL","NULL","NULL","NULL","NULL","NULL","NULL","NULL","NULL","210","NULL","NULL","NULL","NULL","NULL","NULL"
"50","NULL","1","NULL","NULL","NULL","NULL","295","1","2076471434","NULL","false","NULL","NULL","NULL","NULL","NULL","NULL","NULL","NULL","NULL","NULL","NULL","NULL","295","NULL","NULL","NULL","NULL","NULL","NULL"
"51","NULL","1","NULL","NULL","NULL","NULL","295","1","2076471437","NULL","false","NULL","NULL","NULL","NULL","NULL","NULL","NULL","NULL","NULL","NULL","NULL","NULL","295","NULL","NULL","NULL","NULL","NULL","NULL"
"52","NULL","1","NULL","NULL","NULL","NULL","295","1","2076471436","NULL","false","NULL","NULL","NULL","NULL","NULL","NULL","NULL","NULL","NULL","NULL","NULL","NULL","295","NULL","NULL","NULL","NULL","NULL","NULL"
"53","NULL","1","NULL","NULL","NULL","NULL","295","1","2076471407","NULL","false","NULL","NULL","NULL","NULL","NULL","NULL","NULL","NULL","NULL","NULL","NULL","NULL","295","NULL","NULL","NULL","NULL","NULL","NULL"
"54","NULL","1","NULL","NULL","NULL","NULL","295","1","2076471406","NULL","false","NULL","NULL","NULL","NULL","NULL","NULL","NULL","NULL","NULL","NULL","NULL","NULL","295","NULL","NULL","NULL","NULL","NULL","NULL"
"55","NULL","1","NULL","NULL","NULL","NULL","290","1","2076471402","NULL","false","NULL","NULL","NULL","NULL","NULL","NULL","NULL","NULL","NULL","NULL","NULL","NULL","290","NULL","NULL","NULL","NULL","NULL","NULL"
"56","NULL","1","NULL","NULL","NULL","NULL","290","1","2076471405","NULL","false","NULL","NULL","NULL","NULL","NULL","NULL","NULL","NULL","NULL","NULL","NULL","NULL","290","NULL","NULL","NULL","NULL","NULL","NULL"
"57","NULL","1","NULL","NULL","NULL","NULL","255","1","2076471378","NULL","false","NULL","NULL","NULL","NULL","NULL","NULL","NULL","NULL","NULL","NULL","NULL","NULL","255","NULL","NULL","NULL","NULL","NULL","NULL"
"58","NULL","1","NULL","NULL","NULL","NULL","135","1","2076475225","NULL","false","NULL","NULL","NULL","NULL","NULL","NULL","NULL","NULL","NULL","NULL","NULL","NULL","135","NULL","NULL","NULL","NULL","NULL","NULL"
"59","NULL","1","NULL","NULL","NULL","NULL","135","1","2076475224","NULL","false","NULL","NULL","NULL","NULL","NULL","NULL","NULL","NULL","NULL","NULL","NULL","NULL","135","NULL","NULL","NULL","NULL","NULL","NULL"
"60","NULL","1","NULL","NULL","NULL","NULL","135","1","2076475227","NULL","false","NULL","NULL","NULL","NULL","NULL","NULL","NULL","NULL","NULL","NULL","NULL","NULL","135","NULL","NULL","NULL","NULL","NULL","NULL"
"61","NULL","1","NULL","NULL","NULL","NULL","135","1","2076475226","NULL","false","NULL","NULL","NULL","NULL","NULL","NULL","NULL","NULL","NULL","NULL","NULL","NULL","135","NULL","NULL","NULL","NULL","NULL","NULL"
"62","NULL","1","NULL","NULL","NULL","NULL","135","1","2076475229","NULL","false","NULL","NULL","NULL","NULL","NULL","NULL","NULL","NULL","NULL","NULL","NULL","NULL","135","NULL","NULL","NULL","NULL","NULL","NULL"
"63","NULL","1","NULL","NULL","NULL","NULL","135","1","2076475228","NULL","false","NULL","NULL","NULL","NULL","NULL","NULL","NULL","NULL","NULL","NULL","NULL","NULL","135","NULL","NULL","NULL","NULL","NULL","NULL"
"64","NULL","1","NULL","NULL","NULL","NULL","135","1","2076475199","NULL","false","NULL","NULL","NULL","NULL","NULL","NULL","NULL","NULL","NULL","NULL","NULL","NULL","135","NULL","NULL","NULL","NULL","NULL","NULL"
"65","NULL","1","NULL","NULL","NULL","NULL","135","1","2076475198","NULL","false","NULL","NULL","NULL","NULL","NULL","NULL","NULL","NULL","NULL","NULL","NULL","NULL","135","NULL","NULL","NULL","NULL","NULL","NULL"
"66","NULL","1","NULL","NULL","NULL","NULL","135","1","2076475201","NULL","false","NULL","NULL","NULL","NULL","NULL","NULL","NULL","NULL","NULL","NULL","NULL","NULL","135","NULL","NULL","NULL","NULL","NULL","NULL"
"67","NULL","1","NULL","NULL","NULL","NULL","170","1","2076475206","NULL","false","NULL","NULL","NULL","NULL","NULL","NULL","NULL","NULL","NULL","NULL","NULL","NULL","170","NULL","NULL","NULL","NULL","NULL","NULL"
"68","NULL","1","NULL","NULL","NULL","NULL","170","1","2076475406","NULL","false","NULL","NULL","NULL","NULL","NULL","NULL","NULL","NULL","NULL","NULL","NULL","NULL","170","NULL","NULL","NULL","NULL","NULL","NULL"
"69","NULL","1","NULL","NULL","NULL","NULL","170","1","2076475411","NULL","false","NULL","NULL","NULL","NULL","NULL","NULL","NULL","NULL","NULL","NULL","NULL","NULL","170","NULL","NULL","NULL","NULL","NULL","NULL"
"70","NULL","1","NULL","NULL","NULL","NULL","170","1","2076475413","NULL","false","NULL","NULL","NULL","NULL","NULL","NULL","NULL","NULL","NULL","NULL","NULL","NULL","170","NULL","NULL","NULL","NULL","NULL","NULL"
"71","NULL","1","NULL","NULL","NULL","NULL","170","1","2076475415","NULL","false","NULL","NULL","NULL","NULL","NULL","NULL","NULL","NULL","NULL","NULL","NULL","NULL","170","NULL","NULL","NULL","NULL","NULL","NULL"
"72","NULL","1","NULL","NULL","NULL","NULL","170","1","2076475378","NULL","false","NULL","NULL","NULL","NULL","NULL","NULL","NULL","NULL","NULL","NULL","NULL","NULL","170","NULL","NULL","NULL","NULL","NULL","NULL"
"73","NULL","1","NULL","NULL","NULL","NULL","170","1","2076475380","NULL","false","NULL","NULL","NULL","NULL","NULL","NULL","NULL","NULL","NULL","NULL","NULL","NULL","170","NULL","NULL","NULL","NULL","NULL","NULL"
"74","NULL","1","NULL","NULL","NULL","NULL","130","1","2076475360","NULL","false","NULL","NULL","NULL","NULL","NULL","NULL","NULL","NULL","NULL","NULL","NULL","NULL","130","NULL","NULL","NULL","NULL","NULL","NULL"
"75","NULL","1","NULL","NULL","NULL","NULL","210","1","2076471416","NULL","false","NULL","NULL","NULL","NULL","NULL","NULL","NULL","NULL","NULL","NULL","NULL","NULL","210","NULL","NULL","NULL","NULL","NULL","NULL"
"76","NULL","1","NULL","NULL","NULL","NULL","210","1","2076471418","NULL","false","NULL","NULL","NULL","NULL","NULL","NULL","NULL","NULL","NULL","NULL","NULL","NULL","210","NULL","NULL","NULL","NULL","NULL","NULL"
"77","NULL","1","NULL","NULL","NULL","NULL","205","1","2076471496","NULL","false","NULL","NULL","NULL","NULL","NULL","NULL","NULL","NULL","NULL","NULL","NULL","NULL","205","NULL","NULL","NULL","NULL","NULL","NULL"
"78","NULL","1","NULL","NULL","NULL","NULL","255","1","2076471500","NULL","false","NULL","NULL","NULL","NULL","NULL","NULL","NULL","NULL","NULL","NULL","NULL","NULL","255","NULL","NULL","NULL","NULL","NULL","NULL"
"79","NULL","1","NULL","NULL","NULL","NULL","255","1","2076471726","NULL","false","NULL","NULL","NULL","NULL","NULL","NULL","NULL","NULL","NULL","NULL","NULL","NULL","255","NULL","NULL","NULL","NULL","NULL","NULL"
"80","NULL","1","NULL","NULL","NULL","NULL","255","1","2076471728","NULL","false","NULL","NULL","NULL","NULL","NULL","NULL","NULL","NULL","NULL","NULL","NULL","NULL","255","NULL","NULL","NULL","NULL","NULL","NULL"
"81","NULL","1","NULL","NULL","NULL","NULL","255","1","2076471730","NULL","false","NULL","NULL","NULL","NULL","NULL","NULL","NULL","NULL","NULL","NULL","NULL","NULL","255","NULL","NULL","NULL","NULL","NULL","NULL"
"82","NULL","1","NULL","NULL","NULL","NULL","255","1","2076471732","NULL","false","NULL","NULL","NULL","NULL","NULL","NULL","NULL","NULL","NULL","NULL","NULL","NULL","255","NULL","NULL","NULL","NULL","NULL","NULL"
"83","NULL","1","NULL","NULL","NULL","NULL","95","1","2076471643","NULL","false","NULL","NULL","NULL","NULL","NULL","NULL","NULL","NULL","NULL","NULL","NULL","NULL","95","NULL","NULL","NULL","NULL","NULL","NULL"
"84","NULL","1","NULL","NULL","NULL","NULL","260","1","2076471974","NULL","false","NULL","NULL","NULL","NULL","NULL","NULL","NULL","NULL","NULL","NULL","NULL","NULL","260","NULL","NULL","NULL","NULL","NULL","NULL"
"85","NULL","1","NULL","NULL","NULL","NULL","260","1","2076471977","NULL","false","NULL","NULL","NULL","NULL","NULL","NULL","NULL","NULL","NULL","NULL","NULL","NULL","260","NULL","NULL","NULL","NULL","NULL","NULL"
"86","NULL","1","NULL","NULL","NULL","NULL","260","1","2076471976","NULL","false","NULL","NULL","NULL","NULL","NULL","NULL","NULL","NULL","NULL","NULL","NULL","NULL","260","NULL","NULL","NULL","NULL","NULL","NULL"
"87","NULL","1","NULL","NULL","NULL","NULL","260","1","2076471979","NULL","false","NULL","NULL","NULL","NULL","NULL","NULL","NULL","NULL","NULL","NULL","NULL","NULL","260","NULL","NULL","NULL","NULL","NULL","NULL"
"88","NULL","1","NULL","NULL","NULL","NULL","260","1","2076471978","NULL","false","NULL","NULL","NULL","NULL","NULL","NULL","NULL","NULL","NULL","NULL","NULL","NULL","260","NULL","NULL","NULL","NULL","NULL","NULL"
"89","NULL","1","NULL","NULL","NULL","NULL","465","1","2076471951","NULL","false","NULL","NULL","NULL","NULL","NULL","NULL","NULL","NULL","NULL","NULL","NULL","NULL","465","NULL","NULL","NULL","NULL","NULL","NULL"
"90","NULL","1","NULL","NULL","NULL","NULL","465","1","2076471953","NULL","false","NULL","NULL","NULL","NULL","NULL","NULL","NULL","NULL","NULL","NULL","NULL","NULL","465","NULL","NULL","NULL","NULL","NULL","NULL"
"91","NULL","1","NULL","NULL","NULL","NULL","465","1","2076471955","NULL","false","NULL","NULL","NULL","NULL","NULL","NULL","NULL","NULL","NULL","NULL","NULL","NULL","465","NULL","NULL","NULL","NULL","NULL","NULL"
"92","NULL","1","NULL","NULL","NULL","NULL","465","1","2076471957","NULL","false","NULL","NULL","NULL","NULL","NULL","NULL","NULL","NULL","NULL","NULL","NULL","NULL","465","NULL","NULL","NULL","NULL","NULL","NULL"
"93","NULL","1","NULL","NULL","NULL","NULL","465","1","2076471959","NULL","false","NULL","NULL","NULL","NULL","NULL","NULL","NULL","NULL","NULL","NULL","NULL","NULL","465","NULL","NULL","NULL","NULL","NULL","NULL"
"94","NULL","1","NULL","NULL","NULL","NULL","300","1","2076472251","NULL","false","NULL","NULL","NULL","NULL","NULL","NULL","NULL","NULL","NULL","NULL","NULL","NULL","300","NULL","NULL","NULL","NULL","NULL","NULL"
"95","NULL","1","NULL","NULL","NULL","NULL","300","1","2076472252","NULL","false","NULL","NULL","NULL","NULL","NULL","NULL","NULL","NULL","NULL","NULL","NULL","NULL","300","NULL","NULL","NULL","NULL","NULL","NULL"
"96","NULL","1","NULL","NULL","NULL","NULL","300","1","2076472222","NULL","false","NULL","NULL","NULL","NULL","NULL","NULL","NULL","NULL","NULL","NULL","NULL","NULL","300","NULL","NULL","NULL","NULL","NULL","NULL"
"97","NULL","1","NULL","NULL","NULL","NULL","300","1","2076472224","NULL","false","NULL","NULL","NULL","NULL","NULL","NULL","NULL","NULL","NULL","NULL","NULL","NULL","300","NULL","NULL","NULL","NULL","NULL","NULL"
"98","NULL","1","NULL","NULL","NULL","NULL","300","1","2076472226","NULL","false","NULL","NULL","NULL","NULL","NULL","NULL","NULL","NULL","NULL","NULL","NULL","NULL","300","NULL","NULL","NULL","NULL","NULL","NULL"
"99","NULL","1","NULL","NULL","NULL","NULL","300","1","2076472164","NULL","false","NULL","NULL","NULL","NULL","NULL","NULL","NULL","NULL","NULL","NULL","NULL","NULL","300","NULL","NULL","NULL","NULL","NULL","NULL"
"100","NULL","1","NULL","NULL","NULL","NULL","300","1","2076472166","NULL","false","NULL","NULL","NULL","NULL","NULL","NULL","NULL","NULL","NULL","NULL","NULL","NULL","300","NULL","NULL","NULL","NULL","NULL","NULL"
"101","NULL","1","NULL","NULL","NULL","NULL","255","1","2076471380","NULL","false","NULL","NULL","NULL","NULL","NULL","NULL","NULL","NULL","NULL","NULL","NULL","NULL","255","NULL","NULL","NULL","NULL","NULL","NULL"
"102","NULL","1","NULL","NULL","NULL","NULL","495","1","2076471554","NULL","false","NULL","NULL","NULL","NULL","NULL","NULL","NULL","NULL","NULL","NULL","NULL","NULL","495","NULL","NULL","NULL","NULL","NULL","NULL"
"103","NULL","1","NULL","NULL","NULL","NULL","495","1","2076471556","NULL","false","NULL","NULL","NULL","NULL","NULL","NULL","NULL","NULL","NULL","NULL","NULL","NULL","495","NULL","NULL","NULL","NULL","NULL","NULL"
"104","NULL","1","NULL","NULL","NULL","NULL","495","1","2076471559","NULL","false","NULL","NULL","NULL","NULL","NULL","NULL","NULL","NULL","NULL","NULL","NULL","NULL","495","NULL","NULL","NULL","NULL","NULL","NULL"
"105","NULL","1","NULL","NULL","NULL","NULL","495","1","2076471558","NULL","false","NULL","NULL","NULL","NULL","NULL","NULL","NULL","NULL","NULL","NULL","NULL","NULL","495","NULL","NULL","NULL","NULL","NULL","NULL"
"106","NULL","1","NULL","NULL","NULL","NULL","495","1","2076471561","NULL","false","NULL","NULL","NULL","NULL","NULL","NULL","NULL","NULL","NULL","NULL","NULL","NULL","495","NULL","NULL","NULL","NULL","NULL","NULL"
"107","NULL","1","NULL","NULL","NULL","NULL","495","1","2076471560","NULL","false","NULL","NULL","NULL","NULL","NULL","NULL","NULL","NULL","NULL","NULL","NULL","NULL","495","NULL","NULL","NULL","NULL","NULL","NULL"
"108","NULL","1","NULL","NULL","NULL","NULL","495","1","2076471563","NULL","false","NULL","NULL","NULL","NULL","NULL","NULL","NULL","NULL","NULL","NULL","NULL","NULL","495","NULL","NULL","NULL","NULL","NULL","NULL"
"109","NULL","1","NULL","NULL","NULL","NULL","260","1","2076471511","NULL","false","NULL","NULL","NULL","NULL","NULL","NULL","NULL","NULL","NULL","NULL","NULL","NULL","260","NULL","NULL","NULL","NULL","NULL","NULL"
"110","NULL","1","NULL","NULL","NULL","NULL","260","1","2076471510","NULL","false","NULL","NULL","NULL","NULL","NULL","NULL","NULL","NULL","NULL","NULL","NULL","NULL","260","NULL","NULL","NULL","NULL","NULL","NULL"
"111","NULL","1","NULL","NULL","NULL","NULL","260","1","2076471513","NULL","false","NULL","NULL","NULL","NULL","NULL","NULL","NULL","NULL","NULL","NULL","NULL","NULL","260","NULL","NULL","NULL","NULL","NULL","NULL"
"116","NULL","1","true","true","60","30","62049","1","2076707504","NULL","false","true","NULL","2022-11-16T01:56:00","2022-12-29T05:35:00","NULL","NULL","NULL","NULL","62139","NULL","NULL","NULL","62049","NULL","NULL","NULL","NULL","NULL","NULL"
"122","NULL","1","true","true","60","30","74964","1","2076707099","NULL","false","true","NULL","2022-11-16T00:36:00","2023-01-07T03:30:00","NULL","NULL","NULL","NULL","75054","NULL","NULL","NULL","75054","NULL","60","30","NULL","NULL","660"
"123","NULL","1","true","true","60","30","62049","1","2076707504","NULL","false","true","NULL","2022-11-16T01:56:00","2022-12-29T05:35:00","NULL","NULL","NULL","NULL","62139","NULL","NULL","NULL","62139","NULL","60","30","NULL","NULL","660"
"147","NULL","1","true","true","60","30","62049","1","2076707504","false","false","true","false","2022-11-16T01:56:00","2022-12-29T05:35:00","NULL","NULL","NULL","NULL","62139","NULL","NULL","NULL","62049","NULL","NULL","NULL","NULL","NULL","NULL"
"148","NULL","1","true","true","60","30","70725","1","2076707395","false","false","true","true","2022-11-16T00:10:00","2023-01-04T04:25:00","NULL","NULL","NULL","NULL","70815","NULL","NULL","NULL","70725","NULL","NULL","NULL","NULL","NULL","NULL"
"159","NULL","1","true","true","60","30","74964","1","2076707099","NULL","false","true","true","2022-11-16T00:36:00","2023-01-07T03:30:00","NULL","NULL","NULL","NULL","75054","NULL","NULL","NULL","74964","NULL","NULL","NULL","NULL","NULL","NULL"
"160","NULL","1","true","true","60","30","74964","1","2076707099","NULL","false","true","true","2022-11-16T00:36:00","2023-01-07T03:30:00","NULL","NULL","NULL","NULL","75054","NULL","NULL","NULL","74964","NULL","NULL","NULL","NULL","NULL","NULL"
"163","NULL","1","true","true","60","30","74964","1","2076707099","false","false","true","true","2022-11-16T00:36:00","2023-01-07T03:30:00","NULL","NULL","NULL","NULL","75054","NULL","-74394","NULL","75054","NULL","60","30","NULL","NULL","660"
"165","NULL","1","true","true","60","30","74964","1","2076707099","false","false","true","true","2022-11-16T00:36:00","2023-01-07T03:30:00","NULL","NULL","NULL","NULL","75054","NULL","-74394","NULL","75054","NULL","60","30","NULL","NULL","660"
"166","NULL","1","true","true","60","30","74964","1","2076707099","false","false","true","true","2022-11-16T00:36:00","2023-01-07T03:30:00","NULL","NULL","NULL","NULL","75054","NULL","-74394","NULL","75054","NULL","60","30","NULL","NULL","660"
"167","NULL","1","true","true","60","30","74964","1","2076707099","false","false","true","true","2022-11-16T00:36:00","2023-01-07T03:30:00","NULL","NULL","NULL","NULL","75054","NULL","-74394","NULL","75054","NULL","60","30","NULL","NULL","660"
"168","NULL","1","true","true","60","30","74964","1","2076707099","false","false","true","true","2022-11-16T00:36:00","2023-01-07T03:30:00","NULL","NULL","NULL","NULL","75054","NULL","-74394","NULL","75054","NULL","60","30","NULL","NULL","660"
"169","NULL","1","true","true","60","30","74964","1","2076707099","false","false","true","true","2022-11-16T00:36:00","2023-01-07T03:30:00","NULL","NULL","NULL","NULL","75054","NULL","-74394","NULL","75054","NULL","60","30","NULL","NULL","660"
"170","NULL","1","true","true","60","30","74964","1","2076707099","false","false","true","true","2022-11-16T00:36:00","2023-01-07T03:30:00","NULL","NULL","NULL","NULL","75054","NULL","-74394","NULL","75054","NULL","60","30","NULL","NULL","660"
"171","NULL","1","true","true","60","30","74964","1","2076707099","false","false","true","true","2022-11-16T00:36:00","2023-01-07T03:30:00","NULL","NULL","NULL","NULL","75054","NULL","-74394","NULL","75054","NULL","60","30","NULL","NULL","660"
"172","NULL","1","true","true","60","30","74964","1","2076707099","false","false","true","true","2022-11-16T00:36:00","2023-01-07T03:30:00","NULL","NULL","NULL","NULL","75054","NULL","-74394","NULL","75054","NULL","60","30","NULL","NULL","660"
"173","NULL","1","true","true","60","30","74964","1","2076707099","false","false","true","true","2022-11-16T00:36:00","2023-01-07T03:30:00","NULL","NULL","NULL","NULL","75054","NULL","-74394","NULL","75054","NULL","60","30","NULL","NULL","660"
"181","NULL","1","NULL","true","60","30","74964","1","2076707099","false","false","NULL","NULL","2022-11-16T00:36:00","2023-01-07T03:30:00","NULL","NULL","NULL","NULL","NULL","NULL","NULL","NULL","75054","NULL","60","30","NULL","NULL","NULL"
"182","NULL","1","NULL","true","60","30","74964","1","2076707099","false","false","NULL","NULL","2022-11-16T00:36:00","2023-01-07T03:30:00","NULL","NULL","NULL","NULL","NULL","NULL","NULL","NULL","75054","NULL","60","30","NULL","NULL","NULL"
"183","NULL","1","NULL","true","60","30","74964","1","2076707099","false","false","NULL","NULL","2022-11-16T00:36:00","2023-01-07T03:30:00","NULL","NULL","NULL","NULL","NULL","NULL","NULL","NULL","75054","NULL","60","30","NULL","NULL","NULL"
"184","NULL","1","NULL","true","60","30","74964","1","2076707099","false","false","NULL","NULL","2022-11-16T00:36:00","2023-01-07T03:30:00","NULL","NULL","NULL","NULL","NULL","NULL","NULL","NULL","75054","NULL","60","30","NULL","NULL","NULL"
"196","NULL","1","true","true","60","30","74964","1","2076707099","NULL","false","true","true","2022-11-16T00:36:00","2023-01-07T03:30:00","NULL","NULL","NULL","NULL","75054","NULL","NULL","NULL","74964","NULL","NULL","NULL","NULL","NULL","NULL"
"197","NULL","1","true","true","60","30","4415","1","2076710937","NULL","false","true","false","2022-12-16T03:00:00","2022-12-19T06:05:00","NULL","NULL","NULL","NULL","4505","NULL","NULL","NULL","4415","NULL","NULL","NULL","NULL","NULL","NULL"
"200","NULL","1","true","true","60","30","74964","1","2076707099","NULL","false","true","true","2022-11-16T00:36:00","2023-01-07T03:30:00","NULL","NULL","NULL","NULL","75054","NULL","NULL","NULL","74964","NULL","NULL","NULL","NULL","NULL","NULL"
"202","NULL","1","true","true","60","30","74964","1","2076707099","NULL","false","true","true","2022-11-16T00:36:00","2023-01-07T03:30:00","NULL","NULL","NULL","NULL","75054","NULL","NULL","NULL","74964","NULL","NULL","NULL","NULL","NULL","NULL"
"203","NULL","1","true","true","60","30","74964","1","2076707099","NULL","false","true","true","2022-11-16T00:36:00","2023-01-07T03:30:00","NULL","NULL","NULL","NULL","75054","NULL","NULL","NULL","74964","NULL","NULL","NULL","NULL","NULL","NULL"
"204","NULL","1","true","true","60","30","74964","1","2076707099","NULL","false","true","true","2022-11-16T00:36:00","2023-01-07T03:30:00","NULL","NULL","NULL","NULL","75054","NULL","NULL","NULL","74964","NULL","NULL","NULL","NULL","NULL","NULL"
"205","NULL","1","true","true","60","30","10175","1","2076710903","NULL","false","true","false","2022-12-16T04:10:00","2022-12-23T07:15:00","NULL","NULL","NULL","NULL","10265","NULL","NULL","NULL","10175","NULL","NULL","NULL","NULL","NULL","NULL"
"207","NULL","1","true","true","60","30","21600","1","2076738594","NULL","false","true","true","2022-11-03T02:00:00","2022-11-18T03:30:00","NULL","NULL","NULL","NULL","21690","NULL","NULL","NULL","21600","NULL","NULL","NULL","NULL","NULL","NULL"
"199","NULL","1","true","true","60","30","21600","NULL","2076738594","false","false","true","true","2022-11-03T02:00:00","2022-11-18T03:30:00","NULL","NULL","NULL","NULL","21690","NULL","NULL","NULL","21600","NULL","NULL","NULL","NULL","NULL","NULL"
"209","NULL","1","true","true","60","30","7290","1","2076710921","false","false","true","false","2022-12-20T05:25:00","2022-12-25T08:25:00","NULL","NULL","NULL","NULL","7380","NULL","NULL","NULL","7290","NULL","NULL","NULL","NULL","NULL","NULL"
"210","NULL","1","true","true","60","30","7290","1","2076710921","false","false","true","false","2022-12-20T05:25:00","2022-12-25T08:25:00","NULL","NULL","NULL","NULL","7380","NULL","NULL","NULL","7290","NULL","NULL","NULL","NULL","NULL","NULL"
"212","NULL","1","true","true","60","30","21600","1","2076738594","false","false","true","true","2022-11-03T02:00:00","2022-11-18T03:30:00","NULL","NULL","NULL","NULL","21690","NULL","NULL","NULL","21600","NULL","NULL","NULL","NULL","NULL","NULL"
"213","NULL","1","true","true","60","30","2975","1","2076710883","false","false","true","false","2022-12-19T05:00:00","2022-12-21T08:05:00","NULL","NULL","NULL","NULL","3065","NULL","NULL","NULL","2975","NULL","NULL","NULL","NULL","NULL","NULL"
"214","NULL","1","true","true","60","30","2975","1","2076710882","false","false","true","false","2022-12-20T05:00:00","2022-12-22T08:05:00","NULL","NULL","NULL","NULL","3065","NULL","NULL","NULL","2975","NULL","NULL","NULL","NULL","NULL","NULL"
"219","NULL","1","true","true","60","30","74964","1","2076707099","false","false","true","true","2022-11-16T00:36:00","2023-01-07T03:30:00","NULL","NULL","NULL","NULL","75054","NULL","NULL","NULL","74964","NULL","NULL","NULL","NULL","NULL","NULL"
"221","NULL","1","true","true","60","30","74964","1","2076707099","false","false","true","true","2022-11-16T00:36:00","2023-01-07T03:30:00","NULL","NULL","NULL","NULL","75054","NULL","NULL","NULL","74964","NULL","NULL","NULL","NULL","NULL","NULL"
"223","NULL","1","true","true","60","30","8750","1","2076707077","false","false","false","false","2022-12-16T07:15:00","2022-12-22T10:35:00","NULL","NULL","NULL","NULL","8840","NULL","NULL","NULL","8750","NULL","NULL","NULL","NULL","NULL","NULL"
"224","NULL","1","true","true","60","30","74964","1","2076707099","false","false","true","true","2022-11-16T00:36:00","2023-01-07T03:30:00","NULL","NULL","NULL","NULL","75054","NULL","NULL","NULL","74964","NULL","NULL","NULL","NULL","NULL","NULL"
"225","NULL","1","true","true","60","30","62049","1","2076707504","false","false","true","false","2022-11-16T01:56:00","2022-12-29T05:35:00","NULL","NULL","NULL","NULL","62139","NULL","NULL","NULL","62049","NULL","NULL","NULL","NULL","NULL","NULL"
"226","NULL","1","true","true","60","30","74964","1","2076707099","false","false","true","true","2022-11-16T00:36:00","2023-01-07T03:30:00","NULL","NULL","NULL","NULL","75054","NULL","NULL","NULL","74964","NULL","NULL","NULL","NULL","NULL","NULL"
"227","NULL","1","true","true","60","30","4410","1","2076710918","false","false","true","false","2022-12-16T05:25:00","2022-12-19T08:25:00","NULL","NULL","NULL","NULL","4500","NULL","NULL","NULL","4410","NULL","NULL","NULL","NULL","NULL","NULL"
"228","NULL","1","true","true","60","30","10170","1","2076710906","false","false","false","false","2022-12-16T06:40:00","2022-12-23T09:40:00","NULL","NULL","NULL","NULL","10260","NULL","NULL","NULL","10170","NULL","NULL","NULL","NULL","NULL","NULL"
"229","NULL","1","true","true","60","30","74964","1","2076707099","false","false","true","true","2022-11-16T00:36:00","2023-01-07T03:30:00","NULL","NULL","NULL","NULL","75054","NULL","NULL","NULL","74964","NULL","NULL","NULL","NULL","NULL","NULL"
"230","NULL","1","true","true","60","30","74964","1","2076707099","false","false","true","true","2022-11-16T00:36:00","2023-01-07T03:30:00","NULL","NULL","NULL","NULL","75054","NULL","NULL","NULL","74964","NULL","NULL","NULL","NULL","NULL","NULL"
"231","NULL","1","true","true","60","30","21600","1","2076738594","false","false","true","true","2022-11-03T02:00:00","2022-11-18T03:30:00","NULL","NULL","NULL","NULL","21690","NULL","NULL","NULL","21600","NULL","NULL","NULL","NULL","NULL","NULL"
"232","NULL","1","true","true","60","30","21600","1","2076738594","false","false","true","true","2022-11-03T02:00:00","2022-11-18T03:30:00","NULL","NULL","NULL","NULL","21690","NULL","NULL","NULL","21600","NULL","NULL","NULL","NULL","NULL","NULL"
"233","NULL","1","true","true","60","30","74964","1","2076707099","false","false","true","true","2022-11-16T00:36:00","2023-01-07T03:30:00","NULL","NULL","NULL","NULL","75054","NULL","NULL","NULL","74964","NULL","NULL","NULL","NULL","NULL","NULL"
"234","NULL","1","true","true","60","30","74964","1","2076707099","false","false","true","true","2022-11-16T00:36:00","2023-01-07T03:30:00","NULL","NULL","NULL","NULL","75054","NULL","NULL","NULL","74964","NULL","NULL","NULL","NULL","NULL","NULL"
"236","NULL","1","true","true","60","30","74964","1","2076707099","false","false","true","true","2022-11-16T00:36:00","2023-01-07T03:30:00","NULL","NULL","NULL","NULL","75054","NULL","NULL","NULL","74964","NULL","NULL","NULL","NULL","NULL","NULL"
"237","NULL","1","true","true","60","30","8750","1","2076707077","false","false","false","false","2022-12-16T07:15:00","2022-12-22T10:35:00","NULL","NULL","NULL","NULL","8840","NULL","NULL","NULL","8750","NULL","NULL","NULL","NULL","NULL","NULL"
"238","NULL","1","true","true","60","30","10175","1","2076710903","false","false","true","false","2022-12-16T04:10:00","2022-12-23T07:15:00","NULL","NULL","NULL","NULL","10265","NULL","NULL","NULL","10175","NULL","NULL","NULL","NULL","NULL","NULL"
"242","NULL","1","true","true","60","30","142660","1","2076706883","false","false","true","false","2022-12-16T03:10:00","2023-03-25T06:20:00","NULL","NULL","NULL","NULL","142750","NULL","NULL","NULL","142660","NULL","NULL","NULL","NULL","NULL","NULL"
"243","NULL","1","true","true","60","30","74964","1","2076707099","false","false","true","true","2022-11-16T00:36:00","2023-01-07T03:30:00","NULL","NULL","NULL","NULL","75054","NULL","NULL","NULL","74964","NULL","NULL","NULL","NULL","NULL","NULL"
"244","NULL","1","true","true","60","30","74964","1","2076707099","false","false","true","true","2022-11-16T00:36:00","2023-01-07T03:30:00","NULL","NULL","NULL","NULL","75054","NULL","NULL","NULL","74964","NULL","NULL","NULL","NULL","NULL","NULL"
"245","NULL","1","true","true","60","30","74964","1","2076707099","false","false","true","true","2022-11-16T00:36:00","2023-01-07T03:30:00","NULL","NULL","NULL","NULL","75054","NULL","NULL","NULL","74964","NULL","NULL","NULL","NULL","NULL","NULL"
"247","NULL","1","true","true","60","30","8870","1","2076707085","false","false","true","false","2022-12-18T05:55:00","2022-12-24T11:15:00","NULL","NULL","NULL","NULL","8960","NULL","NULL","NULL","8870","NULL","NULL","NULL","NULL","NULL","NULL"
"250","NULL","1","true","true","60","30","74964","1","2076707099","false","false","true","true","2022-11-16T00:36:00","2023-01-07T03:30:00","NULL","NULL","NULL","NULL","75054","NULL","NULL","NULL","74964","NULL","NULL","NULL","NULL","NULL","NULL"
"252","NULL","1","true","true","60","30","21600","1","2076738594","false","false","true","true","2022-11-03T02:00:00","2022-11-18T03:30:00","NULL","NULL","NULL","NULL","21690","NULL","NULL","NULL","21600","NULL","NULL","NULL","NULL","NULL","NULL"
"253","NULL","1","true","true","60","30","21600","1","2076738594","false","false","true","true","2022-11-03T02:00:00","2022-11-18T03:30:00","NULL","NULL","NULL","NULL","21690","NULL","NULL","NULL","21600","NULL","NULL","NULL","NULL","NULL","NULL"
"257","NULL","1","true","true","60","30","21600","1","2076738594","false","false","true","true","2022-11-03T02:00:00","2022-11-18T03:30:00","NULL","NULL","NULL","NULL","21690","NULL","NULL","NULL","21600","NULL","NULL","NULL","NULL","NULL","NULL"
"258","NULL","1","true","true","60","30","7290","1","2076710898","false","false","true","false","2023-01-09T05:25:00","2023-01-14T08:25:00","NULL","NULL","NULL","NULL","7380","NULL","NULL","NULL","7290","NULL","NULL","NULL","NULL","NULL","NULL"
"259","NULL","1","true","true","60","30","1473","1","2076718542","false","false","true","true","2023-01-24T02:00:00","2023-01-25T04:03:00","NULL","NULL","NULL","NULL","1563","NULL","NULL","NULL","1473","NULL","NULL","NULL","NULL","NULL","NULL"
"264","NULL","1","true","true","60","30","4410","1","2076710918","false","false","true","false","2022-12-16T05:25:00","2022-12-19T08:25:00","NULL","NULL","NULL","NULL","4500","NULL","NULL","NULL","4410","NULL","NULL","NULL","NULL","NULL","NULL"
"268","NULL","1","true","true","60","30","8730","1","2076710895","false","false","true","false","2022-12-30T05:25:00","2023-01-05T08:25:00","NULL","NULL","NULL","NULL","8820","NULL","NULL","NULL","8730","NULL","NULL","NULL","NULL","NULL","NULL"
"274","NULL","1","true","true","60","30","4410","1","2076710918","false","false","true","false","2022-12-16T05:25:00","2022-12-19T08:25:00","NULL","NULL","NULL","NULL","4500","NULL","NULL","NULL","4410","NULL","NULL","NULL","NULL","NULL","NULL"
"277","NULL","1","true","true","60","30","10175","1","2076710903","false","false","true","false","2022-12-16T04:10:00","2022-12-23T07:15:00","NULL","NULL","NULL","NULL","10265","NULL","NULL","NULL","10175","NULL","NULL","NULL","NULL","NULL","NULL"
"278","NULL","1","true","true","60","30","1535","1","2076710880","false","false","true","false","2022-12-17T05:00:00","2022-12-18T08:05:00","NULL","NULL","NULL","NULL","1625","NULL","NULL","NULL","1535","NULL","NULL","NULL","NULL","NULL","NULL"
"280","NULL","1","true","true","60","30","118170","1","2076710878","false","false","false","false","2023-01-02T06:40:00","2023-03-25T09:40:00","NULL","NULL","NULL","NULL","118260","NULL","NULL","NULL","118170","NULL","NULL","NULL","NULL","NULL","NULL"
"282","NULL","1","true","true","60","30","74964","1","2076707099","false","false","true","true","2022-11-16T00:36:00","2023-01-07T03:30:00","NULL","NULL","NULL","NULL","75054","NULL","NULL","NULL","74964","NULL","NULL","NULL","NULL","NULL","NULL"
"283","NULL","1","true","true","60","30","74964","1","2076707099","false","false","true","true","2022-11-16T00:36:00","2023-01-07T03:30:00","NULL","NULL","NULL","NULL","75054","NULL","NULL","NULL","74964","NULL","NULL","NULL","NULL","NULL","NULL"
"284","NULL","1","true","true","60","30","74964","1","2076707099","false","false","true","true","2022-11-16T00:36:00","2023-01-07T03:30:00","NULL","NULL","NULL","NULL","75054","NULL","NULL","NULL","74964","NULL","NULL","NULL","NULL","NULL","NULL"
"285","NULL","1","true","true","60","30","74964","1","2076707099","false","false","true","true","2022-11-16T00:36:00","2023-01-07T03:30:00","NULL","NULL","NULL","NULL","75054","NULL","NULL","NULL","74964","NULL","NULL","NULL","NULL","NULL","NULL"
"286","NULL","1","true","true","60","30","74964","1","2076707099","false","false","true","true","2022-11-16T00:36:00","2023-01-07T03:30:00","NULL","NULL","NULL","NULL","75054","NULL","NULL","NULL","74964","NULL","NULL","NULL","NULL","NULL","NULL"
"287","NULL","1","true","true","60","30","7290","1","2076710921","false","false","true","false","2022-12-20T05:25:00","2022-12-25T08:25:00","NULL","NULL","NULL","NULL","7380","NULL","NULL","NULL","7290","NULL","NULL","NULL","NULL","NULL","NULL"
"288","NULL","1","true","true","60","30","74964","1","2076707099","false","false","true","true","2022-11-16T00:36:00","2023-01-07T03:30:00","NULL","NULL","NULL","NULL","75054","NULL","NULL","NULL","74964","NULL","NULL","NULL","NULL","NULL","NULL"
"289","NULL","1","true","true","60","30","74964","1","2076707099","false","false","true","true","2022-11-16T00:36:00","2023-01-07T03:30:00","NULL","NULL","NULL","NULL","75054","NULL","NULL","NULL","74964","NULL","NULL","NULL","NULL","NULL","NULL"
"290","NULL","1","true","true","60","30","74964","1","2076707099","false","false","true","true","2022-11-16T00:36:00","2023-01-07T03:30:00","NULL","NULL","NULL","NULL","75054","NULL","NULL","NULL","74964","NULL","NULL","NULL","NULL","NULL","NULL"
"291","NULL","1","true","true","60","30","74964","1","2076707099","false","false","true","true","2022-11-16T00:36:00","2023-01-07T03:30:00","NULL","NULL","NULL","NULL","75054","NULL","NULL","NULL","74964","NULL","NULL","NULL","NULL","NULL","NULL"
"292","NULL","1","true","true","60","30","74964","1","2076707099","false","false","true","true","2022-11-16T00:36:00","2023-01-07T03:30:00","NULL","NULL","NULL","NULL","75054","NULL","NULL","NULL","74964","NULL","NULL","NULL","NULL","NULL","NULL"
"293","NULL","1","true","true","60","30","74964","1","2076707099","false","false","true","true","2022-11-16T00:36:00","2023-01-07T03:30:00","NULL","NULL","NULL","NULL","75054","NULL","NULL","NULL","74964","NULL","NULL","NULL","NULL","NULL","NULL"
"294","NULL","1","true","true","60","30","74964","1","2076707099","false","false","true","true","2022-11-16T00:36:00","2023-01-07T03:30:00","NULL","NULL","NULL","NULL","75054","NULL","NULL","NULL","74964","NULL","NULL","NULL","NULL","NULL","NULL"
"295","NULL","1","true","true","60","30","74964","1","2076707099","false","false","true","true","2022-11-16T00:36:00","2023-01-07T03:30:00","NULL","NULL","NULL","NULL","75054","NULL","NULL","NULL","74964","NULL","NULL","NULL","NULL","NULL","NULL"
"296","NULL","1","true","true","60","30","74964","1","2076707099","false","false","true","true","2022-11-16T00:36:00","2023-01-07T03:30:00","NULL","NULL","NULL","NULL","75054","NULL","NULL","NULL","74964","NULL","NULL","NULL","NULL","NULL","NULL"
"297","NULL","1","true","true","60","30","74964","1","2076707099","false","false","true","true","2022-11-16T00:36:00","2023-01-07T03:30:00","NULL","NULL","NULL","NULL","75054","NULL","NULL","NULL","74964","NULL","NULL","NULL","NULL","NULL","NULL"
"298","NULL","1","true","true","60","30","74964","1","2076707099","false","false","true","true","2022-11-16T00:36:00","2023-01-07T03:30:00","NULL","NULL","NULL","NULL","75054","NULL","NULL","NULL","74964","NULL","NULL","NULL","NULL","NULL","NULL"
"299","NULL","1","true","true","60","30","74964","1","2076707099","false","false","true","true","2022-11-16T00:36:00","2023-01-07T03:30:00","NULL","NULL","NULL","NULL","75054","NULL","NULL","NULL","74964","NULL","NULL","NULL","NULL","NULL","NULL"
"300","NULL","1","true","true","60","30","74964","1","2076707099","false","false","true","true","2022-11-16T00:36:00","2023-01-07T03:30:00","NULL","NULL","NULL","NULL","75054","NULL","NULL","NULL","74964","NULL","NULL","NULL","NULL","NULL","NULL"
"301","NULL","1","true","true","60","30","74964","1","2076707099","false","false","true","true","2022-11-16T00:36:00","2023-01-07T03:30:00","NULL","NULL","NULL","NULL","75054","NULL","NULL","NULL","74964","NULL","NULL","NULL","NULL","NULL","NULL"
"302","NULL","1","true","true","60","30","74964","1","2076707099","false","false","true","true","2022-11-16T00:36:00","2023-01-07T03:30:00","NULL","NULL","NULL","NULL","75054","NULL","NULL","NULL","74964","NULL","NULL","NULL","NULL","NULL","NULL"
"303","NULL","1","true","true","60","30","74964","1","2076707099","false","false","true","true","2022-11-16T00:36:00","2023-01-07T03:30:00","NULL","NULL","NULL","NULL","75054","NULL","NULL","NULL","74964","NULL","NULL","NULL","NULL","NULL","NULL"
"304","NULL","1","true","true","60","30","74964","1","2076707099","false","false","true","true","2022-11-16T00:36:00","2023-01-07T03:30:00","NULL","NULL","NULL","NULL","75054","NULL","NULL","NULL","74964","NULL","NULL","NULL","NULL","NULL","NULL"
"305","NULL","1","true","true","60","30","74964","1","2076707099","false","false","true","true","2022-11-16T00:36:00","2023-01-07T03:30:00","NULL","NULL","NULL","NULL","75054","NULL","NULL","NULL","74964","NULL","NULL","NULL","NULL","NULL","NULL"
"306","NULL","1","true","true","60","30","74964","1","2076707099","false","false","true","true","2022-11-16T00:36:00","2023-01-07T03:30:00","NULL","NULL","NULL","NULL","75054","NULL","NULL","NULL","74964","NULL","NULL","NULL","NULL","NULL","NULL"
"332","NULL","1","NULL","true","60","30","21600","1","2076738594","false","false","NULL","NULL","2022-11-03T02:00:00","2022-11-18T03:30:00","NULL","NULL","NULL","NULL","21690","NULL","NULL","NULL","21690","NULL","60","30","NULL","NULL","NULL"
"333","NULL","1","NULL","true","60","30","74964","1","2076707099","false","false","NULL","NULL","2022-11-16T00:36:00","2023-01-07T03:30:00","NULL","NULL","NULL","NULL","75054","NULL","NULL","NULL","75054","NULL","60","30","NULL","NULL","NULL"
"335","NULL","1","NULL","true","60","30","74964","1","2076707099","false","false","NULL","NULL","2022-11-16T00:36:00","2023-01-07T03:30:00","NULL","NULL","NULL","NULL","75054","NULL","NULL","NULL","75054","NULL","60","30","NULL","NULL","NULL"
"336","NULL","1","NULL","true","60","30","74964","1","2076707099","false","false","NULL","NULL","2022-11-16T00:36:00","2023-01-07T03:30:00","NULL","NULL","NULL","NULL","75054","NULL","NULL","NULL","75054","NULL","60","30","NULL","NULL","NULL"
"338","NULL","1","NULL","true","60","30","8750","1","2076707077","false","false","NULL","NULL","2022-12-16T07:15:00","2022-12-22T10:35:00","NULL","NULL","NULL","NULL","8840","NULL","NULL","NULL","8840","NULL","60","30","NULL","NULL","NULL"
"339","NULL","1","NULL","true","60","30","62049","1","2076707504","false","false","NULL","NULL","2022-11-16T01:56:00","2022-12-29T05:35:00","NULL","NULL","NULL","NULL","62139","NULL","NULL","NULL","62139","NULL","60","30","NULL","NULL","NULL"
"345","NULL","1","NULL","true","60","30","8735","1","2076710910","false","false","NULL","NULL","2022-12-30T03:00:00","2023-01-05T06:05:00","NULL","NULL","NULL","NULL","8825","NULL","NULL","NULL","8825","NULL","60","30","NULL","NULL","NULL"
"347","NULL","1","NULL","true","60","30","74964","1","2076707099","false","false","NULL","NULL","2022-11-16T00:36:00","2023-01-07T03:30:00","NULL","NULL","NULL","NULL","75054","NULL","NULL","NULL","75054","NULL","60","30","NULL","NULL","NULL"
"348","NULL","1","NULL","true","60","30","74964","1","2076707099","false","false","NULL","NULL","2022-11-16T00:36:00","2023-01-07T03:30:00","NULL","NULL","NULL","NULL","75054","NULL","NULL","NULL","75054","NULL","60","30","NULL","NULL","NULL"
"349","NULL","1","NULL","true","60","30","74964","1","2076707099","false","false","NULL","NULL","2022-11-16T00:36:00","2023-01-07T03:30:00","NULL","NULL","NULL","NULL","75054","NULL","NULL","NULL","75054","NULL","60","30","NULL","NULL","NULL"
"350","NULL","1","NULL","true","60","30","74964","1","2076707099","false","false","NULL","NULL","2022-11-16T00:36:00","2023-01-07T03:30:00","NULL","NULL","NULL","NULL","75054","NULL","NULL","NULL","75054","NULL","60","30","NULL","NULL","NULL"
"351","NULL","1","NULL","true","60","30","74964","1","2076707099","false","false","NULL","NULL","2022-11-16T00:36:00","2023-01-07T03:30:00","NULL","NULL","NULL","NULL","75054","NULL","NULL","NULL","75054","NULL","60","30","NULL","NULL","NULL"
"356","NULL","1","NULL","true","60","30","74964","1","2076707099","false","false","NULL","NULL","2022-11-16T00:36:00","2023-01-07T03:30:00","NULL","NULL","NULL","NULL","75054","NULL","NULL","NULL","75054","NULL","60","30","NULL","NULL","NULL"
"357","NULL","1","NULL","true","60","30","74964","1","2076707099","false","false","NULL","NULL","2022-11-16T00:36:00","2023-01-07T03:30:00","NULL","NULL","NULL","NULL","75054","NULL","NULL","NULL","75054","NULL","60","30","NULL","NULL","NULL"
"360","NULL","1","NULL","true","60","30","74964","1","2076707099","false","false","NULL","NULL","2022-11-16T00:36:00","2023-01-07T03:30:00","NULL","NULL","NULL","NULL","75054","NULL","NULL","NULL","75054","NULL","60","30","NULL","NULL","NULL"
"361","NULL","1","NULL","true","60","30","74964","1","2076707099","false","false","NULL","NULL","2022-11-16T00:36:00","2023-01-07T03:30:00","NULL","NULL","NULL","NULL","75054","NULL","NULL","NULL","75054","NULL","60","30","NULL","NULL","NULL"
"362","NULL","1","NULL","true","60","30","74964","1","2076707099","false","false","NULL","NULL","2022-11-16T00:36:00","2023-01-07T03:30:00","NULL","NULL","NULL","NULL","75054","NULL","NULL","NULL","75054","NULL","60","30","NULL","NULL","NULL"
"363","NULL","1","NULL","true","60","30","74964","1","2076707099","false","false","NULL","NULL","2022-11-16T00:36:00","2023-01-07T03:30:00","NULL","NULL","NULL","NULL","75054","NULL","NULL","NULL","75054","NULL","60","30","NULL","NULL","NULL"
"364","NULL","1","NULL","true","60","30","8750","1","2076707077","false","false","NULL","NULL","2022-12-16T07:15:00","2022-12-22T10:35:00","NULL","NULL","NULL","NULL","8840","NULL","NULL","NULL","8840","NULL","60","30","NULL","NULL","NULL"
"365","NULL","1","NULL","true","60","30","74964","1","2076707099","false","false","NULL","NULL","2022-11-16T00:36:00","2023-01-07T03:30:00","NULL","NULL","NULL","NULL","75054","NULL","NULL","NULL","75054","NULL","60","30","NULL","NULL","NULL"
"366","NULL","1","NULL","true","60","30","74964","1","2076707099","false","false","NULL","NULL","2022-11-16T00:36:00","2023-01-07T03:30:00","NULL","NULL","NULL","NULL","75054","NULL","NULL","NULL","75054","NULL","60","30","NULL","NULL","NULL"
"367","NULL","1","NULL","true","60","30","74964","1","2076707099","false","false","NULL","NULL","2022-11-16T00:36:00","2023-01-07T03:30:00","NULL","NULL","NULL","NULL","75054","NULL","NULL","NULL","75054","NULL","60","30","NULL","NULL","NULL"
"368","NULL","1","NULL","true","60","30","74964","1","2076707099","false","false","NULL","NULL","2022-11-16T00:36:00","2023-01-07T03:30:00","NULL","NULL","NULL","NULL","75054","NULL","NULL","NULL","75054","NULL","60","30","NULL","NULL","NULL"
"369","NULL","1","NULL","true","60","30","74964","1","2076707099","false","false","NULL","NULL","2022-11-16T00:36:00","2023-01-07T03:30:00","NULL","NULL","NULL","NULL","75054","NULL","NULL","NULL","75054","NULL","60","30","NULL","NULL","NULL"
"370","NULL","1","NULL","true","60","30","74964","1","2076707099","false","false","NULL","NULL","2022-11-16T00:36:00","2023-01-07T03:30:00","NULL","NULL","NULL","NULL","75054","NULL","NULL","NULL","75054","NULL","60","30","NULL","NULL","NULL"
"371","NULL","1","NULL","true","60","30","74964","1","2076707099","false","false","NULL","NULL","2022-11-16T00:36:00","2023-01-07T03:30:00","NULL","NULL","NULL","NULL","75054","NULL","NULL","NULL","75054","NULL","60","30","NULL","NULL","NULL"
"372","NULL","1","NULL","true","60","30","74964","1","2076707099","false","false","NULL","NULL","2022-11-16T00:36:00","2023-01-07T03:30:00","NULL","NULL","NULL","NULL","75054","NULL","NULL","NULL","75054","NULL","60","30","NULL","NULL","NULL"
"373","NULL","1","NULL","true","60","30","74964","1","2076707099","false","false","NULL","NULL","2022-11-16T00:36:00","2023-01-07T03:30:00","NULL","NULL","NULL","NULL","75054","NULL","NULL","NULL","75054","NULL","60","30","NULL","NULL","NULL"
"374","NULL","1","NULL","true","60","30","74964","1","2076707099","false","false","NULL","NULL","2022-11-16T00:36:00","2023-01-07T03:30:00","NULL","NULL","NULL","NULL","75054","NULL","NULL","NULL","75054","NULL","60","30","NULL","NULL","NULL"
"375","NULL","1","NULL","true","60","30","74964","1","2076707099","false","false","NULL","NULL","2022-11-16T00:36:00","2023-01-07T03:30:00","NULL","NULL","NULL","NULL","75054","NULL","NULL","NULL","75054","NULL","60","30","NULL","NULL","NULL"
"376","NULL","1","NULL","true","60","30","74964","1","2076707099","false","false","NULL","NULL","2022-11-16T00:36:00","2023-01-07T03:30:00","NULL","NULL","NULL","NULL","75054","NULL","NULL","NULL","75054","NULL","60","30","NULL","NULL","NULL"
"377","NULL","1","NULL","true","60","30","74964","1","2076707099","false","false","NULL","NULL","2022-11-16T00:36:00","2023-01-07T03:30:00","NULL","NULL","NULL","NULL","75054","NULL","NULL","NULL","75054","NULL","60","30","NULL","NULL","NULL"
"378","NULL","1","NULL","true","60","30","74964","1","2076707099","false","false","NULL","NULL","2022-11-16T00:36:00","2023-01-07T03:30:00","NULL","NULL","NULL","NULL","75054","NULL","NULL","NULL","75054","NULL","60","30","NULL","NULL","NULL"
"379","NULL","1","NULL","true","60","30","74964","1","2076707099","false","false","NULL","NULL","2022-11-16T00:36:00","2023-01-07T03:30:00","NULL","NULL","NULL","NULL","75054","NULL","NULL","NULL","75054","NULL","60","30","NULL","NULL","NULL"
"380","NULL","1","NULL","true","60","30","74964","1","2076707099","false","false","NULL","NULL","2022-11-16T00:36:00","2023-01-07T03:30:00","NULL","NULL","NULL","NULL","75054","NULL","NULL","NULL","75054","NULL","60","30","NULL","NULL","NULL"
"381","NULL","1","NULL","true","60","30","74964","1","2076707099","false","false","NULL","NULL","2022-11-16T00:36:00","2023-01-07T03:30:00","NULL","NULL","NULL","NULL","75054","NULL","NULL","NULL","75054","NULL","60","30","NULL","NULL","NULL"
"382","NULL","1","NULL","true","60","30","74964","1","2076707099","false","false","NULL","NULL","2022-11-16T00:36:00","2023-01-07T03:30:00","NULL","NULL","NULL","NULL","75054","NULL","NULL","NULL","75054","NULL","60","30","NULL","NULL","NULL"
"383","NULL","1","NULL","true","60","30","74964","1","2076707099","false","false","NULL","NULL","2022-11-16T00:36:00","2023-01-07T03:30:00","NULL","NULL","NULL","NULL","75054","NULL","NULL","NULL","75054","NULL","60","30","NULL","NULL","NULL"
"384","NULL","1","NULL","true","60","30","74964","1","2076707099","false","false","NULL","NULL","2022-11-16T00:36:00","2023-01-07T03:30:00","NULL","NULL","NULL","NULL","75054","NULL","NULL","NULL","75054","NULL","60","30","NULL","NULL","NULL"
"386","NULL","1","NULL","true","60","30","74964","1","2076707099","false","false","NULL","NULL","2022-11-16T00:36:00","2023-01-07T03:30:00","NULL","NULL","NULL","NULL","75054","NULL","NULL","NULL","75054","NULL","60","30","NULL","NULL","NULL"
"387","NULL","1","NULL","true","60","30","74964","1","2076707099","false","false","NULL","NULL","2022-11-16T00:36:00","2023-01-07T03:30:00","NULL","NULL","NULL","NULL","75054","NULL","NULL","NULL","75054","NULL","60","30","NULL","NULL","NULL"
"388","NULL","1","NULL","true","60","30","74964","1","2076707099","false","false","NULL","NULL","2022-11-16T00:36:00","2023-01-07T03:30:00","NULL","NULL","NULL","NULL","75054","NULL","NULL","NULL","75054","NULL","60","30","NULL","NULL","NULL"
"389","NULL","1","NULL","true","60","30","74964","1","2076707099","false","false","NULL","NULL","2022-11-16T00:36:00","2023-01-07T03:30:00","NULL","NULL","NULL","NULL","75054","NULL","NULL","NULL","75054","NULL","60","30","NULL","NULL","NULL"
"390","NULL","1","NULL","true","60","30","21600","1","2076738594","false","false","NULL","NULL","2022-11-03T02:00:00","2022-11-18T03:30:00","NULL","NULL","NULL","NULL","21690","NULL","NULL","NULL","21690","NULL","60","30","NULL","NULL","NULL"
"391","NULL","1","NULL","true","60","30","62049","1","2076707504","false","false","NULL","NULL","2022-11-16T01:56:00","2022-12-29T05:35:00","NULL","NULL","NULL","NULL","62139","NULL","NULL","NULL","62139","NULL","60","30","NULL","NULL","NULL"
"392","NULL","1","NULL","true","60","30","2970","1","2076710861","false","false","NULL","NULL","2022-12-17T06:10:00","2022-12-19T09:10:00","NULL","NULL","NULL","NULL","3060","NULL","NULL","NULL","3060","NULL","60","30","NULL","NULL","NULL"
"251","NULL","1","true","true","60","30","4415","1","2076710937","false","false","true","false","2022-12-16T03:00:00","2022-12-19T06:05:00","NULL","NULL","NULL","NULL","4505","NULL","-3845","NULL","4505","NULL","60","30","NULL","NULL","660"
"395","NULL","1","NULL","true","60","30","21600","1","2076738594","false","false","NULL","NULL","2022-11-03T02:00:00","2022-11-18T03:30:00","NULL","NULL","NULL","NULL","21690","NULL","NULL","NULL","21690","NULL","60","30","NULL","NULL","NULL"
"396","NULL","1","NULL","true","60","30","62049","1","2076707504","false","false","NULL","NULL","2022-11-16T01:56:00","2022-12-29T05:35:00","NULL","NULL","NULL","NULL","62139","NULL","NULL","NULL","62139","NULL","60","30","NULL","NULL","NULL"
"398","NULL","1","NULL","true","60","30","74964","1","2076707099","false","false","NULL","NULL","2022-11-16T00:36:00","2023-01-07T03:30:00","NULL","NULL","NULL","NULL","75054","NULL","NULL","NULL","75054","NULL","60","30","NULL","NULL","NULL"
"400","NULL","1","NULL","true","60","30","74964","1","2076707099","false","false","NULL","NULL","2022-11-16T00:36:00","2023-01-07T03:30:00","NULL","NULL","NULL","NULL","75054","NULL","NULL","NULL","75054","NULL","60","30","NULL","NULL","NULL"
"401","NULL","1","NULL","true","60","30","8750","1","2076707077","false","false","NULL","NULL","2022-12-16T07:15:00","2022-12-22T10:35:00","NULL","NULL","NULL","NULL","8840","NULL","NULL","NULL","8840","NULL","60","30","NULL","NULL","NULL"
"404","NULL","1","NULL","true","60","30","8750","1","2076707077","false","false","NULL","NULL","2022-12-16T07:15:00","2022-12-22T10:35:00","NULL","NULL","NULL","NULL","8840","NULL","NULL","NULL","8840","NULL","60","30","NULL","NULL","NULL"
"405","NULL","1","NULL","true","60","30","1473","1","2076718542","false","false","NULL","NULL","2023-01-24T02:00:00","2023-01-25T04:03:00","NULL","NULL","NULL","NULL","1563","NULL","NULL","NULL","1563","NULL","60","30","NULL","NULL","NULL"
"406","NULL","1","NULL","true","60","30","118170","1","2076710878","false","false","NULL","NULL","2023-01-02T06:40:00","2023-03-25T09:40:00","NULL","NULL","NULL","NULL","118260","NULL","NULL","NULL","118260","NULL","60","30","NULL","NULL","NULL"
"409","NULL","1","NULL","true","60","30","8750","1","2076707077","false","false","NULL","NULL","2022-12-16T07:15:00","2022-12-22T10:35:00","NULL","NULL","NULL","NULL","8840","NULL","NULL","NULL","8840","NULL","60","30","NULL","NULL","NULL"
"410","NULL","1","NULL","true","60","30","4430","1","2076707021","false","false","NULL","NULL","2022-12-16T04:00:00","2022-12-19T07:20:00","NULL","NULL","NULL","NULL","4520","NULL","NULL","NULL","4520","NULL","60","30","NULL","NULL","NULL"
"403","NULL","1","NULL","true","60","30","8750","1","2076707077","false","false","NULL","NULL","2022-12-16T07:15:00","2022-12-22T10:35:00","NULL","NULL","NULL","NULL","8840","NULL","NULL","NULL","8840","NULL","60","30","NULL","NULL","NULL"
"416","NULL","1","NULL","true","60","30","8750","1","2076707077","false","false","NULL","NULL","2022-12-16T07:15:00","2022-12-22T10:35:00","NULL","NULL","NULL","NULL","8840","NULL","NULL","NULL","8840","NULL","60","30","NULL","NULL","NULL"
"433","NULL","1","NULL","true","60","30","8750","1","2076707077","false","false","NULL","NULL","2022-12-16T07:15:00","2022-12-22T10:35:00","NULL","NULL","NULL","NULL","8840","NULL","NULL","NULL","8840","NULL","60","30","NULL","NULL","NULL"
"439","NULL","1","NULL","true","60","30","12990","1","2076707937","false","false","NULL","NULL","2023-01-08T02:50:00","2023-01-17T04:50:00","NULL","NULL","NULL","NULL","13080","NULL","NULL","NULL","13080","NULL","60","30","NULL","NULL","NULL"
"444","NULL","1","NULL","true","60","30","10170","1","2076710906","false","false","NULL","NULL","2022-12-16T06:40:00","2022-12-23T09:40:00","NULL","NULL","NULL","NULL","10260","NULL","NULL","NULL","10260","NULL","60","30","NULL","NULL","NULL"
"449","NULL","1","NULL","true","60","30","4415","1","2076710937","false","false","NULL","NULL","2022-12-16T03:00:00","2022-12-19T06:05:00","NULL","NULL","NULL","NULL","4505","NULL","NULL","NULL","4505","NULL","60","30","NULL","NULL","NULL"
"450","NULL","1","NULL","true","60","30","4415","1","2076710937","false","false","NULL","NULL","2022-12-16T03:00:00","2022-12-19T06:05:00","NULL","NULL","NULL","NULL","4505","NULL","NULL","NULL","4505","NULL","60","30","NULL","NULL","NULL"
"567","NULL","1","false","true","60","30","460","1","2077635417","false","false","true","false","2022-12-16T06:00:00","2022-12-16T09:05:00","NULL","NULL","NULL","NULL","185","NULL","475","NULL","185","NULL","60","30","NULL","NULL","660"
"532","NULL","1","NULL","true","60","30","12990","1","2076707937","false","false","NULL","NULL","2023-01-08T02:50:00","2023-01-17T04:50:00","NULL","NULL","NULL","NULL","13080","NULL","NULL","NULL","13080","NULL","60","30","NULL","NULL","NULL"
"485","NULL","1","NULL","true","60","30","12990","1","2076707937","false","false","NULL","NULL","2023-01-08T02:50:00","2023-01-17T04:50:00","NULL","NULL","NULL","NULL","13080","NULL","NULL","NULL","13080","NULL","60","30","NULL","NULL","NULL"
"432","NULL","1","NULL","true","60","30","74964","1","2076707099","false","false","NULL","NULL","2022-11-16T00:36:00","2023-01-07T03:30:00","NULL","NULL","NULL","NULL","75054","NULL","NULL","NULL","75054","NULL","60","30","NULL","NULL","NULL"
"530","NULL","1","NULL","true","60","30","74964","1","2076707099","false","false","NULL","NULL","2022-11-16T00:36:00","2023-01-07T03:30:00","NULL","NULL","NULL","NULL","75054","NULL","NULL","NULL","75054","NULL","60","30","NULL","NULL","NULL"
"533","NULL","1","NULL","true","60","30","21600","1","2076738594","false","false","NULL","NULL","2022-11-03T02:00:00","2022-11-18T03:30:00","NULL","NULL","NULL","NULL","21690","NULL","NULL","NULL","21690","NULL","60","30","NULL","NULL","NULL"
"541","NULL","1","false","false","60","30","300","1","2076784171","false","false","false","true","2023-02-07T12:25:00","2023-02-07T18:55:00","NULL","NULL","NULL","NULL","390","NULL","330","NULL","390","NULL","60","30","NULL","NULL","720"
"492","NULL","1","NULL","true","60","30","12990","1","2076707937","false","false","NULL","NULL","2023-01-08T02:50:00","2023-01-17T04:50:00","NULL","NULL","NULL","NULL","13080","NULL","NULL","NULL","13080","NULL","60","30","NULL","NULL","NULL"
"542","NULL","1","false","false","60","30","90","1","2076837147","false","false","false","false","2022-12-16T15:15:00","2022-12-16T18:15:00","NULL","NULL","NULL","NULL","180","NULL","540","NULL","180","NULL","60","30","NULL","NULL","720"
"493","NULL","1","NULL","true","60","30","108105","1","2076707529","false","false","NULL","NULL","2023-01-09T04:15:00","2023-03-25T07:30:00","NULL","NULL","NULL","NULL","108195","NULL","NULL","NULL","108195","NULL","60","30","NULL","NULL","NULL"
"543","NULL","1","false","false","60","30","180","1","2034734131","false","false","false","false","2022-12-29T09:10:00","2022-12-29T14:30:00","NULL","NULL","NULL","NULL","320","NULL","310","NULL","320","NULL","60","30","NULL","NULL","720"
"491","NULL","1","NULL","true","60","30","74964","1","2076707099","false","false","NULL","NULL","2022-11-16T00:36:00","2023-01-07T03:30:00","NULL","NULL","NULL","NULL","75054","NULL","NULL","NULL","75054","NULL","60","30","NULL","NULL","NULL"
"495","NULL","1","NULL","true","60","30","8750","1","2076707077","false","false","NULL","NULL","2022-12-16T07:15:00","2022-12-22T10:35:00","NULL","NULL","NULL","NULL","8840","NULL","NULL","NULL","8840","NULL","60","30","NULL","NULL","NULL"
"498","NULL","1","NULL","true","60","30","1475","1","2076707216","false","false","NULL","NULL","2022-12-16T06:45:00","2022-12-17T08:50:00","NULL","NULL","NULL","NULL","1565","NULL","NULL","NULL","1565","NULL","60","30","NULL","NULL","NULL"
"499","NULL","1","NULL","true","60","30","74964","1","2076707099","false","false","NULL","NULL","2022-11-16T00:36:00","2023-01-07T03:30:00","NULL","NULL","NULL","NULL","75054","NULL","NULL","NULL","75054","NULL","60","30","NULL","NULL","NULL"
"501","NULL","1","NULL","true","60","30","105130","1","2076707618","false","false","NULL","NULL","2023-01-11T03:35:00","2023-03-25T05:15:00","NULL","NULL","NULL","NULL","105220","NULL","NULL","NULL","105220","NULL","60","30","NULL","NULL","NULL"
"500","NULL","1","NULL","true","60","30","74964","1","2076707099","false","false","NULL","NULL","2022-11-16T00:36:00","2023-01-07T03:30:00","NULL","NULL","NULL","NULL","75054","NULL","NULL","NULL","75054","NULL","60","30","NULL","NULL","NULL"
"502","NULL","1","NULL","false","60","30","4410","1","2076706930","false","false","NULL","NULL","2022-12-19T14:25:00","2022-12-22T17:25:00","NULL","NULL","NULL","NULL","4500","NULL","NULL","NULL","4500","NULL","60","30","NULL","NULL","NULL"
"452","NULL","1","NULL","true","60","30","4415","1","2076710937","false","false","NULL","NULL","2022-12-16T03:00:00","2022-12-19T06:05:00","NULL","NULL","NULL","NULL","4505","NULL","NULL","NULL","4505","NULL","60","30","NULL","NULL","NULL"
"506","NULL","1","NULL","true","60","30","10170","1","2076710906","false","false","NULL","NULL","2022-12-16T06:40:00","2022-12-23T09:40:00","NULL","NULL","NULL","NULL","10260","NULL","NULL","NULL","10260","NULL","60","30","NULL","NULL","NULL"
"544","NULL","1","false","false","60","30","90","1","2076837608","false","false","false","false","2022-12-16T08:25:00","2022-12-16T11:25:00","NULL","NULL","NULL","NULL","180","NULL","540","NULL","180","NULL","60","30","NULL","NULL","720"
"509","NULL","1","NULL","true","60","30","40610","1","2076707954","false","false","NULL","NULL","2023-01-17T13:10:00","2023-02-14T19:30:00","NULL","NULL","NULL","NULL","40700","NULL","NULL","NULL","40700","NULL","60","30","NULL","NULL","NULL"
"546","NULL","1","false","true","60","30","185","1","2034292899","false","false","true","false","2022-12-16T06:00:00","2022-12-16T11:25:00","NULL","NULL","NULL","NULL","325","NULL","275","NULL","325","NULL","60","30","NULL","NULL","660"
"547","NULL","1","false","true","60","30","95","1","2076837604","false","false","true","false","2022-12-16T06:00:00","2022-12-16T09:05:00","NULL","NULL","NULL","NULL","185","NULL","475","NULL","185","NULL","60","30","NULL","NULL","660"
"508","NULL","1","NULL","true","60","30","12990","1","2076707937","false","false","NULL","NULL","2023-01-08T02:50:00","2023-01-17T04:50:00","NULL","NULL","NULL","NULL","13080","NULL","NULL","NULL","13080","NULL","60","30","NULL","NULL","NULL"
"548","NULL","1","false","true","60","30","185","1","2034292899","false","false","true","false","2022-12-16T06:00:00","2022-12-16T11:25:00","NULL","NULL","NULL","NULL","325","NULL","275","NULL","325","NULL","60","30","NULL","NULL","660"
"512","NULL","1","NULL","true","60","30","40610","1","2076707954","false","false","NULL","NULL","2023-01-17T13:10:00","2023-02-14T19:30:00","NULL","NULL","NULL","NULL","40700","NULL","NULL","NULL","40700","NULL","60","30","NULL","NULL","NULL"
"549","NULL","1","false","true","60","30","185","1","2034292899","false","false","true","false","2022-12-16T06:00:00","2022-12-16T11:25:00","NULL","NULL","NULL","NULL","325","NULL","275","NULL","325","NULL","60","30","NULL","NULL","660"
"562","NULL","1","false","true","60","30","460","NULL","2059835650","false","false","true","false","2022-12-16T06:00:00","2022-12-16T15:55:00","NULL","NULL","NULL","NULL","595","NULL","5","NULL","595","NULL","60","30","NULL","NULL","660"
"551","NULL","1","true","true","60","30","245","1","2076853020","false","false","true","true","2022-12-23T22:50:00","2022-12-24T04:25:00","NULL","NULL","NULL","NULL","335","NULL","325","NULL","335","NULL","60","30","NULL","NULL","660"
"550","NULL","1","false","false","60","30","375","1","2034292923","false","false","false","false","2022-12-16T07:10:00","2022-12-16T18:00:00","NULL","NULL","NULL","NULL","650","NULL","-20","NULL","650","NULL","60","30","NULL","NULL","720"
"513","NULL","1","NULL","true","60","30","40610","1","2076707954","false","false","NULL","NULL","2023-01-17T13:10:00","2023-02-14T19:30:00","NULL","NULL","NULL","NULL","40700","NULL","NULL","NULL","40700","NULL","60","30","NULL","NULL","NULL"
"552","NULL","1","false","true","60","30","95","1","2076837607","false","false","true","false","2022-12-17T06:00:00","2022-12-17T09:05:00","NULL","NULL","NULL","NULL","185","NULL","475","NULL","185","NULL","60","30","NULL","NULL","660"
"510","NULL","1","NULL","true","60","30","74964","1","2076707099","false","false","NULL","NULL","2022-11-16T00:36:00","2023-01-07T03:30:00","NULL","NULL","NULL","NULL","75054","NULL","NULL","NULL","75054","NULL","60","30","NULL","NULL","NULL"
"511","NULL","1","NULL","true","60","30","12990","1","2076707937","false","false","NULL","NULL","2023-01-08T02:50:00","2023-01-17T04:50:00","NULL","NULL","NULL","NULL","13080","NULL","NULL","NULL","13080","NULL","60","30","NULL","NULL","NULL"
"514","NULL","1","NULL","true","60","30","8750","1","2076707077","false","false","NULL","NULL","2022-12-16T07:15:00","2022-12-22T10:35:00","NULL","NULL","NULL","NULL","8840","NULL","NULL","NULL","8840","NULL","60","30","NULL","NULL","NULL"
"516","NULL","1","NULL","true","60","30","74964","1","2076707099","false","false","NULL","NULL","2022-11-16T00:36:00","2023-01-07T03:30:00","NULL","NULL","NULL","NULL","75054","NULL","NULL","NULL","75054","NULL","60","30","NULL","NULL","NULL"
"564","NULL","1","false","false","60","30","240","1","2077591148","false","false","false","false","2022-12-17T08:50:00","2022-12-17T14:20:00","NULL","NULL","NULL","NULL","330","NULL","390","NULL","330","NULL","60","30","NULL","NULL","720"
"553","NULL","1","false","true","60","30","460","1","2034301541","false","false","true","false","2022-12-16T06:00:00","2022-12-16T15:55:00","NULL","NULL","NULL","NULL","595","NULL","5","NULL","595","NULL","60","30","NULL","NULL","660"
"411","NULL","1","NULL","true","60","30","8750","1","2076707077","false","false","NULL","NULL","2022-12-16T07:15:00","2022-12-22T10:35:00","NULL","NULL","NULL","NULL","8840","NULL","NULL","NULL","8840","NULL","60","30","NULL","NULL","NULL"
"507","NULL","1","NULL","true","60","30","74964","1","2076707099","false","false","NULL","NULL","2022-11-16T00:36:00","2023-01-07T03:30:00","NULL","NULL","NULL","NULL","75054","NULL","NULL","NULL","75054","NULL","60","30","NULL","NULL","NULL"
"526","NULL","1","NULL","true","60","30","74964","1","2076707099","false","false","NULL","NULL","2022-11-16T00:36:00","2023-01-07T03:30:00","NULL","NULL","NULL","NULL","75054","NULL","NULL","NULL","75054","NULL","60","30","NULL","NULL","NULL"
"527","NULL","1","NULL","true","60","30","74964","1","2076707099","false","false","NULL","NULL","2022-11-16T00:36:00","2023-01-07T03:30:00","NULL","NULL","NULL","NULL","75054","NULL","NULL","NULL","75054","NULL","60","30","NULL","NULL","NULL"
"554","NULL","1","false","false","60","30","450","1","2034680052","false","false","false","true","2022-12-16T15:25:00","2022-12-17T01:10:00","NULL","NULL","NULL","NULL","585","NULL","45","NULL","585","NULL","60","30","NULL","NULL","720"
"555","NULL","1","false","true","60","30","95","1","2077503884","false","false","true","false","2022-12-16T06:00:00","2022-12-16T09:05:00","NULL","NULL","NULL","NULL","185","NULL","475","NULL","185","NULL","60","30","NULL","NULL","660"
"529","NULL","1","NULL","true","60","30","12990","1","2076707937","false","false","NULL","NULL","2023-01-08T02:50:00","2023-01-17T04:50:00","NULL","NULL","NULL","NULL","13080","NULL","NULL","NULL","13080","NULL","60","30","NULL","NULL","NULL"
"528","NULL","1","NULL","true","60","30","74964","1","2076707099","false","false","NULL","NULL","2022-11-16T00:36:00","2023-01-07T03:30:00","NULL","NULL","NULL","NULL","75054","NULL","NULL","NULL","75054","NULL","60","30","NULL","NULL","NULL"
"531","NULL","1","NULL","true","60","30","12990","1","2076707937","false","false","NULL","NULL","2023-01-08T02:50:00","2023-01-17T04:50:00","NULL","NULL","NULL","NULL","13080","NULL","NULL","NULL","13080","NULL","60","30","NULL","NULL","NULL"
"557","NULL","1","false","false","60","30","365","1","2077549330","false","false","false","false","2022-12-18T08:20:00","2022-12-18T15:55:00","NULL","NULL","NULL","NULL","455","NULL","265","NULL","455","NULL","60","30","NULL","NULL","720"
"556","NULL","1","false","true","60","30","95","1","2077536620","false","false","true","false","2022-12-16T06:00:00","2022-12-16T09:05:00","NULL","NULL","NULL","NULL","185","NULL","475","NULL","185","NULL","60","30","NULL","NULL","660"
"559","NULL","1","false","true","60","30","460","1","2057740290","false","false","true","false","2022-12-16T06:00:00","2022-12-16T15:55:00","NULL","NULL","NULL","NULL","595","NULL","5","NULL","595","NULL","60","30","NULL","NULL","660"
"561","NULL","1","false","true","60","30","95","1","2077568725","false","false","true","false","2022-12-20T06:00:00","2022-12-20T09:05:00","NULL","NULL","NULL","NULL","185","NULL","475","NULL","185","NULL","60","30","NULL","NULL","660"
"563","NULL","1","false","false","60","30","90","1","2077635390","false","false","false","false","2022-12-16T08:25:00","2022-12-16T11:25:00","NULL","NULL","NULL","NULL","180","NULL","540","NULL","180","NULL","60","30","NULL","NULL","720"
"565","NULL","1","false","true","60","30","460","1","2059835650","false","false","true","false","2022-12-16T06:00:00","2022-12-16T15:55:00","NULL","NULL","NULL","NULL","595","NULL","5","NULL","595","NULL","60","30","NULL","NULL","660"
"566","NULL","1","false","false","60","30","450","1","2060221136","false","false","false","true","2022-12-16T15:25:00","2022-12-17T01:10:00","NULL","NULL","NULL","NULL","585","NULL","45","NULL","585","NULL","60","30","NULL","NULL","720"
"573","NULL","1","false","false","60","30","120","1","2077246573","false","false","false","false","2022-12-16T16:00:00","2022-12-16T19:30:00","NULL","NULL","NULL","NULL","210","NULL","510","NULL","210","NULL","60","30","NULL","NULL","720"
"572","NULL","1","false","true","60","30","185","NULL","2047244038","false","false","true","false","2022-12-16T06:00:00","2022-12-16T11:25:00","NULL","NULL","NULL","NULL","325","NULL","275","NULL","325","NULL","60","30","NULL","NULL","660"
"569","NULL","1","false","true","60","30","185","NULL","2061926150","false","false","true","false","2022-12-16T06:00:00","2022-12-16T11:25:00","NULL","NULL","NULL","NULL","325","NULL","275","NULL","325","NULL","60","30","NULL","NULL","660"
"570","NULL","1","false","true","60","30","460","1","2062986440","false","false","true","false","2022-12-16T06:00:00","2022-12-16T15:55:00","NULL","NULL","NULL","NULL","595","NULL","5","NULL","595","NULL","60","30","NULL","NULL","660"
"574","NULL","1","true","true","60","30","355","1","2077725116","true","false","false","true","2022-12-18T20:40:00","2022-12-19T04:05:00","NULL","NULL","NULL","NULL","445","NULL","275","NULL","445","NULL","60","30","NULL","NULL","720"
