"id","eco_id","eco_load_id","freeze_for_eco","pairing_type_id","pairing_status_id","fleet","comment","change_date","source_id","source_type","domain","date_start_plan_utc","date_end_plan_utc","date_start_fact_utc","date_end_fact_utc"
"116","NULL","NULL","false","1","3","320","NULL","2023-03-30T14:38:37.254183","NULL","NULL","FC","2022-11-16T01:56:00","2022-12-29T05:05:00","NULL","NULL"
"159","NULL","NULL","false","1","3","320","NULL","2023-03-30T16:54:12.040251","NULL","NULL","FC","2022-11-16T00:36:00","2023-01-07T03:00:00","NULL","NULL"
"160","NULL","NULL","false","1","3","320","NULL","2023-04-12T16:06:37.109937","NULL","NULL","FC","2022-11-16T00:36:00","2023-01-07T03:00:00","NULL","NULL"
"181","NULL","NULL","false","1","3","320","NULL","2023-04-14T10:30:14.549077","NULL","NULL","FC","2022-11-16T00:36:00","2023-01-07T03:00:00","NULL","NULL"
"172","NULL","NULL","false","1","3","320","NULL","2023-04-14T10:42:31.027528","NULL","NULL","FC","2022-11-16T00:36:00","2023-01-07T14:30:00","NULL","NULL"
"196","NULL","NULL","false","1","3","320","NULL","2023-04-15T13:48:48.628327","NULL","NULL","FC","2022-11-16T00:36:00","2023-01-07T03:00:00","NULL","NULL"
"204","NULL","NULL","false","1","3","320","NULL","2023-04-18T13:45:34.112164","NULL","NULL","FC","2022-11-16T00:36:00","2023-01-07T03:00:00","NULL","NULL"
"208","NULL","NULL","false","1","3","320","NULL","2023-04-18T13:47:14.193956","NULL","NULL","FC","2022-12-20T05:25:00","2022-12-25T07:55:00","NULL","NULL"
"213","NULL","NULL","false","1","3","320","NULL","2023-04-18T16:05:54.711132","NULL","NULL","FC","2022-11-16T00:36:00","2023-01-07T03:00:00","NULL","NULL"
"200","NULL","NULL","false","1","3","320","NULL","2023-04-18T16:07:31.504565","NULL","NULL","FC","2022-11-16T00:36:00","2023-01-07T03:00:00","NULL","NULL"
"220","NULL","NULL","false","1","3","320","NULL","2023-04-18T17:27:08.291146","NULL","NULL","FC","2022-11-16T00:36:00","2023-01-07T03:00:00","NULL","NULL"
"226","NULL","NULL","false","1","3","737","NULL","2023-04-18T18:19:45.108797","NULL","NULL","FC","2022-11-03T02:00:00","2022-11-18T03:00:00","NULL","NULL"
"225","NULL","NULL","false","1","3","737","NULL","2023-04-18T18:20:21.037635","NULL","NULL","FC","2022-11-03T02:00:00","2022-11-18T03:00:00","NULL","NULL"
"222","NULL","NULL","false","1","3","320","NULL","2023-04-18T19:06:32.854884","NULL","NULL","FC","2022-12-16T06:40:00","2022-12-23T09:10:00","NULL","NULL"
"241","NULL","NULL","false","1","3","320","NULL","2023-04-18T19:34:26.641853","NULL","NULL","FC","2022-12-18T05:55:00","2022-12-24T10:45:00","NULL","NULL"
"221","NULL","NULL","false","1","3","320","NULL","2023-04-18T19:35:55.196041","NULL","NULL","FC","2022-12-16T05:25:00","2022-12-19T07:55:00","NULL","NULL"
"231","NULL","NULL","false","1","3","320","NULL","2023-04-18T19:36:29.206713","NULL","NULL","FC","2022-12-16T07:15:00","2022-12-22T10:05:00","NULL","NULL"
"205","NULL","NULL","false","1","3","320","NULL","2023-04-18T19:38:28.286293","NULL","NULL","FC","2022-12-16T04:10:00","2022-12-23T06:45:00","NULL","NULL"
"239","NULL","NULL","false","1","3","320","NULL","2023-04-18T23:05:45.028762","NULL","NULL","FC","2022-11-16T00:36:00","2023-01-07T03:00:00","NULL","NULL"
"244","NULL","NULL","false","1","3","320","NULL","2023-04-18T23:20:11.312577","NULL","NULL","FC","2022-11-16T00:36:00","2023-01-07T03:00:00","NULL","NULL"
"238","NULL","NULL","false","1","3","320","NULL","2023-04-18T23:20:44.091739","NULL","NULL","FC","2022-11-16T00:36:00","2023-01-07T03:00:00","NULL","NULL"
"237","NULL","NULL","false","1","3","320","NULL","2023-04-18T23:23:22.771658","NULL","NULL","FC","2022-11-16T00:36:00","2023-01-07T03:00:00","NULL","NULL"
"230","NULL","NULL","false","1","3","320","NULL","2023-04-19T00:54:38.097898","NULL","NULL","FC","2022-11-16T00:36:00","2023-01-07T03:00:00","NULL","NULL"
"282","NULL","NULL","false","1","3","320","NULL","2023-04-19T00:59:05.202808","NULL","NULL","FC","2022-11-16T00:36:00","2023-01-07T03:00:00","NULL","NULL"
"285","NULL","NULL","false","1","3","320","NULL","2023-04-19T15:52:12.70497","NULL","NULL","FC","2022-11-16T00:36:00","2023-01-07T03:00:00","NULL","NULL"
"286","NULL","NULL","false","1","3","320","NULL","2023-04-19T15:52:20.088234","NULL","NULL","FC","2022-11-16T00:36:00","2023-01-07T03:00:00","NULL","NULL"
"287","NULL","NULL","false","1","3","320","NULL","2023-04-19T15:54:16.312091","NULL","NULL","FC","2022-11-16T00:36:00","2023-01-07T03:00:00","NULL","NULL"
"288","NULL","NULL","false","1","3","320","NULL","2023-04-19T15:54:22.367639","NULL","NULL","FC","2022-11-16T00:36:00","2023-01-07T03:00:00","NULL","NULL"
"298","NULL","NULL","false","1","3","320","NULL","2023-04-19T16:56:56.199545","NULL","NULL","FC","2022-11-16T00:36:00","2023-01-07T03:00:00","NULL","NULL"
"300","NULL","NULL","false","1","3","320","NULL","2023-04-19T18:11:14.498526","NULL","NULL","FC","2022-11-16T00:36:00","2023-01-07T03:00:00","NULL","NULL"
"272","NULL","NULL","false","1","3","320","NULL","2023-04-19T18:25:01.017479","NULL","NULL","FC","2022-12-17T05:00:00","2022-12-18T07:35:00","NULL","NULL"
"246","NULL","NULL","false","1","3","737","NULL","2023-04-19T18:26:37.128236","NULL","NULL","FC","2022-11-03T02:00:00","2022-11-18T03:00:00","NULL","NULL"
"253","NULL","NULL","false","1","3","320","NULL","2023-04-19T18:28:15.086332","NULL","NULL","FC","2023-01-24T02:00:00","2023-01-25T03:33:00","NULL","NULL"
"252","NULL","NULL","false","1","3","320","NULL","2023-04-19T18:33:49.038548","NULL","NULL","FC","2023-01-09T05:25:00","2023-01-14T07:55:00","NULL","NULL"
"271","NULL","NULL","false","1","3","320","NULL","2023-04-19T18:40:39.07918","NULL","NULL","FC","2022-12-16T04:10:00","2022-12-23T06:45:00","NULL","NULL"
"281","NULL","NULL","false","1","3","320","NULL","2023-04-19T18:48:25.373177","NULL","NULL","FC","2022-12-20T05:25:00","2022-12-25T07:55:00","NULL","NULL"
"329","NULL","NULL","false","1","3","320","NULL","2023-04-19T21:00:07.727594","NULL","NULL","FC","2022-11-16T00:36:00","2023-01-07T14:30:00","NULL","NULL"
"330","NULL","NULL","false","1","3","320","NULL","2023-04-19T21:02:09.144279","NULL","NULL","FC","2022-11-16T00:36:00","2023-01-07T14:30:00","NULL","NULL"
"356","NULL","NULL","false","1","3","320","NULL","2023-04-19T22:48:52.682381","NULL","NULL","FC","2022-11-16T00:36:00","2023-01-07T14:30:00","NULL","NULL"
"374","NULL","NULL","false","1","3","320","NULL","2023-04-19T21:53:35.847027","NULL","NULL","FC","2022-11-16T00:36:00","2023-01-07T14:30:00","NULL","NULL"
"373","NULL","NULL","false","1","3","320","NULL","2023-04-19T21:53:59.253768","NULL","NULL","FC","2022-11-16T00:36:00","2023-01-07T14:30:00","NULL","NULL"
"342","NULL","NULL","false","1","3","320","NULL","2023-04-19T22:48:59.767709","NULL","NULL","FC","2022-11-16T00:36:00","2023-01-07T14:30:00","NULL","NULL"
"366","NULL","NULL","false","1","3","320","NULL","2023-04-19T21:54:33.184505","NULL","NULL","FC","2022-11-16T00:36:00","2023-01-07T14:30:00","NULL","NULL"
"381","NULL","NULL","false","1","3","320","NULL","2023-04-19T22:43:15.476558","NULL","NULL","FC","2022-11-16T00:36:00","2023-01-07T14:30:00","NULL","NULL"
"380","NULL","NULL","false","1","3","320","NULL","2023-04-19T22:43:38.202602","NULL","NULL","FC","2022-11-16T00:36:00","2023-01-07T14:30:00","NULL","NULL"
"378","NULL","NULL","false","1","3","320","NULL","2023-04-19T22:43:45.232161","NULL","NULL","FC","2022-11-16T00:36:00","2023-01-07T14:30:00","NULL","NULL"
"350","NULL","NULL","false","1","3","320","NULL","2023-04-19T22:48:40.5699","NULL","NULL","FC","2022-11-16T00:36:00","2023-01-07T14:30:00","NULL","NULL"
"363","NULL","NULL","false","1","3","320","NULL","2023-04-19T22:49:28.957906","NULL","NULL","FC","2022-11-16T00:36:00","2023-01-07T14:30:00","NULL","NULL"
"341","NULL","NULL","false","1","3","320","NULL","2023-04-19T22:49:39.374293","NULL","NULL","FC","2022-11-16T00:36:00","2023-01-07T14:30:00","NULL","NULL"
"383","NULL","NULL","false","1","3","320","NULL","2023-04-20T11:08:30.579778","NULL","NULL","FC","2022-11-16T00:36:00","2023-01-07T14:30:00","NULL","NULL"
"382","NULL","NULL","false","1","3","320","NULL","2023-04-20T11:08:40.1307","NULL","NULL","FC","2022-11-16T00:36:00","2023-01-07T14:30:00","NULL","NULL"
"377","NULL","NULL","false","1","3","320","NULL","2023-04-20T11:10:34.054083","NULL","NULL","FC","2022-11-16T00:36:00","2023-01-07T14:30:00","NULL","NULL"
"351","NULL","NULL","false","1","3","320","NULL","2023-04-20T11:10:40.037126","NULL","NULL","FC","2022-11-16T00:36:00","2023-01-07T14:30:00","NULL","NULL"
"362","NULL","NULL","false","1","3","320","NULL","2023-04-20T11:13:11.647222","NULL","NULL","FC","2022-11-16T00:36:00","2023-01-07T14:30:00","NULL","NULL"
"360","NULL","NULL","false","1","3","320","NULL","2023-04-20T11:13:30.457986","NULL","NULL","FC","2022-11-16T00:36:00","2023-01-07T14:30:00","NULL","NULL"
"372","NULL","NULL","false","1","3","320","NULL","2023-04-20T11:17:07.467347","NULL","NULL","FC","2022-11-16T00:36:00","2023-01-07T14:30:00","NULL","NULL"
"332","NULL","NULL","false","1","3","320","NULL","2023-04-20T11:17:29.508219","NULL","NULL","FC","2022-12-16T07:15:00","2022-12-22T21:35:00","NULL","NULL"
"385","NULL","NULL","false","1","3","320","NULL","2023-04-20T11:17:39.666014","NULL","NULL","FC","2022-11-16T01:56:00","2022-12-29T16:35:00","NULL","NULL"
"354","NULL","NULL","false","1","3","320","NULL","2023-04-20T11:59:21.773104","NULL","NULL","FC","2022-11-16T00:36:00","2023-01-07T14:30:00","NULL","NULL"
"376","NULL","NULL","false","1","3","320","NULL","2023-04-20T12:14:14.808621","NULL","NULL","FC","2022-11-16T00:36:00","2023-01-07T14:30:00","NULL","NULL"
"357","NULL","NULL","false","1","3","320","NULL","2023-04-20T12:14:20.198157","NULL","NULL","FC","2022-11-16T00:36:00","2023-01-07T14:30:00","NULL","NULL"
"268","NULL","NULL","false","1","3","320","NULL","2023-04-24T15:19:07.630936","NULL","NULL","FC","2022-12-16T05:25:00","2022-12-19T07:55:00","NULL","NULL"
"386","NULL","NULL","false","1","3","320","NULL","2023-04-24T15:26:43.258777","NULL","NULL","FC","2022-12-17T06:10:00","2022-12-19T20:10:00","NULL","NULL"
"123","NULL","NULL","false","1","3","320","NULL","2023-03-30T15:29:54.634865","NULL","NULL","FC","2022-11-16T01:56:00","2022-12-29T05:05:00","NULL","NULL"
"122","NULL","NULL","false","1","3","320","NULL","2023-03-30T16:51:41.600449","NULL","NULL","FC","2022-11-16T00:36:00","2023-01-07T03:00:00","NULL","NULL"
"165","NULL","NULL","false","1","3","320","NULL","2023-03-31T15:13:05.536827","NULL","NULL","FC","2022-11-16T00:36:00","2023-01-07T14:30:00","NULL","NULL"
"166","NULL","NULL","false","1","3","320","NULL","2023-03-31T15:21:53.94227","NULL","NULL","FC","2022-11-16T00:36:00","2023-01-07T14:30:00","NULL","NULL"
"163","NULL","NULL","false","1","3","320","NULL","2023-03-31T15:22:30.632167","NULL","NULL","FC","2022-11-16T00:36:00","2023-01-07T14:30:00","NULL","NULL"
"173","NULL","NULL","false","1","3","320","NULL","2023-04-13T16:03:25.733957","NULL","NULL","FC","2022-11-16T00:36:00","2023-01-07T14:30:00","NULL","NULL"
"10","NULL","NULL","false","1","2","330","NULL","2023-02-17T17:33:27.293042","NULL","NULL","CC","2023-02-17T17:33:27.220333","2023-02-17T19:33:27.220346","NULL","NULL"
"11","NULL","NULL","false","1","2","330","NULL","2023-02-17T17:47:31.943124","NULL","NULL","CC","2023-02-17T17:47:22.258355","2023-02-17T19:47:22.258367","NULL","NULL"
"12","NULL","NULL","false","1","2","320","NULL","2023-02-17T17:55:09.877139","NULL","NULL","CC","2023-02-17T17:55:09.801787","2023-02-17T19:55:09.801807","NULL","NULL"
"13","NULL","NULL","false","1","2","320","NULL","2023-02-17T17:55:16.592673","NULL","NULL","CC","2023-02-17T17:55:16.519921","2023-02-17T19:55:16.519933","NULL","NULL"
"14","NULL","NULL","false","1","2","320","NULL","2023-02-17T17:55:18.84406","NULL","NULL","CC","2023-02-17T17:55:18.772409","2023-02-17T19:55:18.772422","NULL","NULL"
"15","NULL","NULL","false","1","2","320","NULL","2023-02-17T17:55:21.100769","NULL","NULL","CC","2023-02-17T17:55:21.026513","2023-02-17T19:55:21.026526","NULL","NULL"
"1","1","1","false","1","1","12","123","2022-12-25T00:47:48.504","1","ACCORD","CC","2020-12-31T13:00:00","2020-12-31T00:47:56.008","2020-12-31T00:47:58.218","2020-12-31T00:48:00.42"
"16","NULL","NULL","false","1","2","320","NULL","2023-02-17T17:55:23.357825","NULL","NULL","CC","2023-02-17T17:55:23.287794","2023-02-17T19:55:23.287806","NULL","NULL"
"17","NULL","NULL","false","1","2","320","NULL","2023-02-17T17:55:25.59983","NULL","NULL","CC","2023-02-17T17:55:25.531753","2023-02-17T19:55:25.531766","NULL","NULL"
"18","NULL","NULL","false","1","2","320","NULL","2023-02-17T17:55:27.875661","NULL","NULL","CC","2023-02-17T17:55:27.804605","2023-02-17T19:55:27.804618","NULL","NULL"
"19","NULL","NULL","false","1","2","320","NULL","2023-02-17T17:55:30.13841","NULL","NULL","CC","2023-02-17T17:55:30.068302","2023-02-17T19:55:30.068315","NULL","NULL"
"20","NULL","NULL","false","1","2","320","NULL","2023-02-17T17:55:32.413328","NULL","NULL","CC","2023-02-17T17:55:32.340442","2023-02-17T19:55:32.340456","NULL","NULL"
"21","NULL","NULL","false","1","2","320","NULL","2023-02-17T17:55:34.663421","NULL","NULL","CC","2023-02-17T17:55:34.593864","2023-02-17T19:55:34.593883","NULL","NULL"
"22","NULL","NULL","false","1","2","320","NULL","2023-02-17T17:55:36.908796","NULL","NULL","CC","2023-02-17T17:55:36.840227","2023-02-17T19:55:36.840236","NULL","NULL"
"23","NULL","NULL","false","1","2","320","NULL","2023-02-17T17:55:39.153084","NULL","NULL","CC","2023-02-17T17:55:39.084606","2023-02-17T19:55:39.084617","NULL","NULL"
"24","NULL","NULL","false","1","2","320","NULL","2023-02-17T17:55:41.428106","NULL","NULL","CC","2023-02-17T17:55:41.356607","2023-02-17T19:55:41.356617","NULL","NULL"
"25","NULL","NULL","false","1","2","320","NULL","2023-02-17T17:55:43.685079","NULL","NULL","CC","2023-02-17T17:55:43.615226","2023-02-17T19:55:43.615234","NULL","NULL"
"26","NULL","NULL","false","1","2","320","NULL","2023-02-17T17:55:45.945626","NULL","NULL","CC","2023-02-17T17:55:45.878003","2023-02-17T19:55:45.87801","NULL","NULL"
"27","NULL","NULL","false","1","2","320","NULL","2023-02-17T17:55:48.186411","NULL","NULL","CC","2023-02-17T17:55:48.116956","2023-02-17T19:55:48.116965","NULL","NULL"
"28","NULL","NULL","false","1","2","320","NULL","2023-02-17T17:55:50.454652","NULL","NULL","CC","2023-02-17T17:55:50.380913","2023-02-17T19:55:50.380921","NULL","NULL"
"29","NULL","NULL","false","1","2","320","NULL","2023-02-17T17:55:52.696248","NULL","NULL","CC","2023-02-17T17:55:52.625202","2023-02-17T19:55:52.625209","NULL","NULL"
"30","NULL","NULL","false","1","2","320","NULL","2023-02-17T17:55:54.945326","NULL","NULL","CC","2023-02-17T17:55:54.87007","2023-02-17T19:55:54.870079","NULL","NULL"
"31","NULL","NULL","false","1","2","320","NULL","2023-02-17T17:55:57.210166","NULL","NULL","CC","2023-02-17T17:55:57.139128","2023-02-17T19:55:57.139135","NULL","NULL"
"32","NULL","NULL","false","1","2","320","NULL","2023-02-17T17:55:59.459204","NULL","NULL","CC","2023-02-17T17:55:59.39054","2023-02-17T19:55:59.390549","NULL","NULL"
"33","NULL","NULL","false","1","2","320","NULL","2023-02-17T17:56:01.723262","NULL","NULL","CC","2023-02-17T17:56:01.652393","2023-02-17T19:56:01.652403","NULL","NULL"
"34","NULL","NULL","false","1","2","320","NULL","2023-02-17T17:56:03.990156","NULL","NULL","CC","2023-02-17T17:56:03.92142","2023-02-17T19:56:03.921429","NULL","NULL"
"35","NULL","NULL","false","1","2","320","NULL","2023-02-17T17:56:06.248708","NULL","NULL","CC","2023-02-17T17:56:06.177653","2023-02-17T19:56:06.177661","NULL","NULL"
"36","NULL","NULL","false","1","2","320","NULL","2023-02-17T17:56:08.504712","NULL","NULL","CC","2023-02-17T17:56:08.438225","2023-02-17T19:56:08.438233","NULL","NULL"
"37","NULL","NULL","false","1","2","320","NULL","2023-02-17T17:56:10.748612","NULL","NULL","CC","2023-02-17T17:56:10.679043","2023-02-17T19:56:10.679055","NULL","NULL"
"38","NULL","NULL","false","1","2","320","NULL","2023-02-17T17:56:14.408444","NULL","NULL","CC","2023-02-17T17:56:14.203092","2023-02-17T19:56:14.203101","NULL","NULL"
"39","NULL","NULL","false","1","2","320","NULL","2023-02-17T17:56:16.98586","NULL","NULL","CC","2023-02-17T17:56:16.918343","2023-02-17T19:56:16.918351","NULL","NULL"
"40","NULL","NULL","false","1","2","320","NULL","2023-02-17T17:56:19.407874","NULL","NULL","CC","2023-02-17T17:56:19.220561","2023-02-17T19:56:19.220571","NULL","NULL"
"41","NULL","NULL","false","1","2","320","NULL","2023-02-17T17:56:23.527525","NULL","NULL","CC","2023-02-17T17:56:23.316415","2023-02-17T19:56:23.316426","NULL","NULL"
"42","NULL","NULL","false","1","2","320","NULL","2023-02-17T17:56:28.06319","NULL","NULL","CC","2023-02-17T17:56:27.995619","2023-02-17T19:56:27.995627","NULL","NULL"
"43","NULL","NULL","false","1","2","320","NULL","2023-02-17T17:56:31.678313","NULL","NULL","CC","2023-02-17T17:56:31.611178","2023-02-17T19:56:31.611186","NULL","NULL"
"44","NULL","NULL","false","1","2","320","NULL","2023-02-17T17:56:35.20906","NULL","NULL","CC","2023-02-17T17:56:35.138083","2023-02-17T19:56:35.138092","NULL","NULL"
"45","NULL","NULL","false","1","2","320","NULL","2023-02-17T17:56:40.51","NULL","NULL","CC","2023-02-17T17:56:40.420116","2023-02-17T19:56:40.420125","NULL","NULL"
"46","NULL","NULL","false","1","2","320","NULL","2023-02-17T17:56:45.742148","NULL","NULL","CC","2023-02-17T17:56:45.537208","2023-02-17T19:56:45.537215","NULL","NULL"
"47","NULL","NULL","false","1","2","320","NULL","2023-02-17T17:56:49.940646","NULL","NULL","CC","2023-02-17T17:56:49.759879","2023-02-17T19:56:49.759887","NULL","NULL"
"48","NULL","NULL","false","1","2","320","NULL","2023-02-17T17:56:53.934487","NULL","NULL","CC","2023-02-17T17:56:53.802046","2023-02-17T19:56:53.802054","NULL","NULL"
"49","NULL","NULL","false","1","2","320","NULL","2023-02-17T17:56:57.660446","NULL","NULL","CC","2023-02-17T17:56:57.592835","2023-02-17T19:56:57.592844","NULL","NULL"
"50","NULL","NULL","false","1","2","320","NULL","2023-02-17T17:57:00.320481","NULL","NULL","CC","2023-02-17T17:57:00.251887","2023-02-17T19:57:00.251896","NULL","NULL"
"51","NULL","NULL","false","1","2","320","NULL","2023-02-17T17:57:02.521569","NULL","NULL","CC","2023-02-17T17:57:02.453191","2023-02-17T19:57:02.4532","NULL","NULL"
"52","NULL","NULL","false","1","2","320","NULL","2023-02-17T17:57:04.747317","NULL","NULL","CC","2023-02-17T17:57:04.679059","2023-02-17T19:57:04.679068","NULL","NULL"
"53","NULL","NULL","false","1","2","320","NULL","2023-02-17T17:57:06.988803","NULL","NULL","CC","2023-02-17T17:57:06.918169","2023-02-17T19:57:06.918178","NULL","NULL"
"54","NULL","NULL","false","1","2","320","NULL","2023-02-17T17:57:09.237124","NULL","NULL","CC","2023-02-17T17:57:09.169168","2023-02-17T19:57:09.169177","NULL","NULL"
"55","NULL","NULL","false","1","2","320","NULL","2023-02-17T17:57:11.472972","NULL","NULL","CC","2023-02-17T17:57:11.404023","2023-02-17T19:57:11.404032","NULL","NULL"
"56","NULL","NULL","false","1","2","320","NULL","2023-02-17T17:57:13.71796","NULL","NULL","CC","2023-02-17T17:57:13.649166","2023-02-17T19:57:13.649174","NULL","NULL"
"57","NULL","NULL","false","1","2","320","NULL","2023-02-17T17:57:15.969312","NULL","NULL","CC","2023-02-17T17:57:15.898852","2023-02-17T19:57:15.89886","NULL","NULL"
"58","NULL","NULL","false","1","2","320","NULL","2023-02-17T17:57:18.239687","NULL","NULL","CC","2023-02-17T17:57:18.16622","2023-02-17T19:57:18.166228","NULL","NULL"
"59","NULL","NULL","false","1","2","320","NULL","2023-02-17T17:57:20.49134","NULL","NULL","CC","2023-02-17T17:57:20.422691","2023-02-17T19:57:20.4227","NULL","NULL"
"60","NULL","NULL","false","1","2","320","NULL","2023-02-17T17:57:22.752882","NULL","NULL","CC","2023-02-17T17:57:22.683461","2023-02-17T19:57:22.683468","NULL","NULL"
"61","NULL","NULL","false","1","2","320","NULL","2023-02-17T17:57:24.994405","NULL","NULL","CC","2023-02-17T17:57:24.924229","2023-02-17T19:57:24.92424","NULL","NULL"
"62","NULL","NULL","false","1","2","320","NULL","2023-02-17T17:57:27.248932","NULL","NULL","CC","2023-02-17T17:57:27.18048","2023-02-17T19:57:27.180488","NULL","NULL"
"63","NULL","NULL","false","1","2","320","NULL","2023-02-17T17:57:29.52263","NULL","NULL","CC","2023-02-17T17:57:29.453935","2023-02-17T19:57:29.453943","NULL","NULL"
"64","NULL","NULL","false","1","2","320","NULL","2023-02-17T17:57:31.781554","NULL","NULL","CC","2023-02-17T17:57:31.71244","2023-02-17T19:57:31.712445","NULL","NULL"
"65","NULL","NULL","false","1","2","320","NULL","2023-02-17T17:57:34.041663","NULL","NULL","CC","2023-02-17T17:57:33.970578","2023-02-17T19:57:33.970584","NULL","NULL"
"66","NULL","NULL","false","1","2","320","NULL","2023-02-17T17:57:36.327405","NULL","NULL","CC","2023-02-17T17:57:36.259458","2023-02-17T19:57:36.259463","NULL","NULL"
"67","NULL","NULL","false","1","2","320","NULL","2023-02-17T17:57:38.57316","NULL","NULL","CC","2023-02-17T17:57:38.504145","2023-02-17T19:57:38.504151","NULL","NULL"
"68","NULL","NULL","false","1","2","320","NULL","2023-02-17T17:57:40.833636","NULL","NULL","CC","2023-02-17T17:57:40.764492","2023-02-17T19:57:40.764497","NULL","NULL"
"69","NULL","NULL","false","1","2","320","NULL","2023-02-17T17:57:43.095767","NULL","NULL","CC","2023-02-17T17:57:43.026506","2023-02-17T19:57:43.026512","NULL","NULL"
"70","NULL","NULL","false","1","2","320","NULL","2023-02-17T17:57:45.355993","NULL","NULL","CC","2023-02-17T17:57:45.283428","2023-02-17T19:57:45.283435","NULL","NULL"
"71","NULL","NULL","false","1","2","320","NULL","2023-02-17T17:57:47.614604","NULL","NULL","CC","2023-02-17T17:57:47.544603","2023-02-17T19:57:47.54461","NULL","NULL"
"72","NULL","NULL","false","1","2","320","NULL","2023-02-17T17:57:49.887027","NULL","NULL","CC","2023-02-17T17:57:49.817227","2023-02-17T19:57:49.817231","NULL","NULL"
"73","NULL","NULL","false","1","2","320","NULL","2023-02-17T17:57:52.227888","NULL","NULL","CC","2023-02-17T17:57:52.158508","2023-02-17T19:57:52.158514","NULL","NULL"
"74","NULL","NULL","false","1","2","320","NULL","2023-02-17T17:57:54.520277","NULL","NULL","CC","2023-02-17T17:57:54.450043","2023-02-17T19:57:54.450051","NULL","NULL"
"75","NULL","NULL","false","1","2","320","NULL","2023-02-17T17:57:56.805062","NULL","NULL","CC","2023-02-17T17:57:56.732878","2023-02-17T19:57:56.732885","NULL","NULL"
"76","NULL","NULL","false","1","2","320","NULL","2023-02-17T17:57:59.079738","NULL","NULL","CC","2023-02-17T17:57:59.010494","2023-02-17T19:57:59.010499","NULL","NULL"
"77","NULL","NULL","false","1","2","320","NULL","2023-02-17T17:58:01.361681","NULL","NULL","CC","2023-02-17T17:58:01.292567","2023-02-17T19:58:01.292573","NULL","NULL"
"78","NULL","NULL","false","1","2","320","NULL","2023-02-17T17:58:03.647908","NULL","NULL","CC","2023-02-17T17:58:03.578668","2023-02-17T19:58:03.578674","NULL","NULL"
"79","NULL","NULL","false","1","2","320","NULL","2023-02-17T17:58:05.91588","NULL","NULL","CC","2023-02-17T17:58:05.846896","2023-02-17T19:58:05.846902","NULL","NULL"
"80","NULL","NULL","false","1","2","320","NULL","2023-02-17T17:58:08.19073","NULL","NULL","CC","2023-02-17T17:58:08.120664","2023-02-17T19:58:08.120671","NULL","NULL"
"81","NULL","NULL","false","1","2","320","NULL","2023-02-17T17:58:10.44544","NULL","NULL","CC","2023-02-17T17:58:10.376057","2023-02-17T19:58:10.376064","NULL","NULL"
"184","NULL","NULL","false","1","3","320","NULL","2023-04-14T10:37:11.631475","NULL","NULL","FC","2022-11-16T00:36:00","2023-01-07T03:00:00","NULL","NULL"
"183","NULL","NULL","false","1","3","320","NULL","2023-04-14T10:37:21.548954","NULL","NULL","FC","2022-11-16T00:36:00","2023-01-07T03:00:00","NULL","NULL"
"182","NULL","NULL","false","1","3","320","NULL","2023-04-14T10:38:06.953026","NULL","NULL","FC","2022-11-16T00:36:00","2023-01-07T03:00:00","NULL","NULL"
"206","NULL","NULL","false","1","3","737","NULL","2023-04-17T18:48:47.535045","NULL","NULL","FC","2022-11-03T02:00:00","2022-11-18T03:00:00","NULL","NULL"
"202","NULL","NULL","false","1","3","320","NULL","2023-04-18T12:55:17.689225","NULL","NULL","FC","2022-11-16T00:36:00","2023-01-07T03:00:00","NULL","NULL"
"209","NULL","NULL","false","1","3","320","NULL","2023-04-18T16:09:16.936619","NULL","NULL","FC","2022-12-20T05:25:00","2022-12-25T07:55:00","NULL","NULL"
"215","NULL","NULL","false","1","3","320","NULL","2023-04-18T17:21:37.23251","NULL","NULL","FC","2022-11-16T00:36:00","2023-01-07T03:00:00","NULL","NULL"
"82","NULL","NULL","false","1","2","320","NULL","2023-02-17T17:58:12.725142","NULL","NULL","CC","2023-02-17T17:58:12.656907","2023-02-17T19:58:12.656913","NULL","NULL"
"83","NULL","NULL","false","1","2","320","NULL","2023-02-17T17:58:15.032213","NULL","NULL","CC","2023-02-17T17:58:14.960214","2023-02-17T19:58:14.960221","NULL","NULL"
"84","NULL","NULL","false","1","2","320","NULL","2023-02-17T17:58:17.359675","NULL","NULL","CC","2023-02-17T17:58:17.28909","2023-02-17T19:58:17.289095","NULL","NULL"
"85","NULL","NULL","false","1","2","320","NULL","2023-02-17T17:58:19.648887","NULL","NULL","CC","2023-02-17T17:58:19.579314","2023-02-17T19:58:19.57932","NULL","NULL"
"86","NULL","NULL","false","1","2","320","NULL","2023-02-17T17:58:21.934295","NULL","NULL","CC","2023-02-17T17:58:21.866282","2023-02-17T19:58:21.866289","NULL","NULL"
"87","NULL","NULL","false","1","2","737","NULL","2023-02-17T17:58:24.235156","NULL","NULL","CC","2023-02-17T17:58:24.165868","2023-02-17T19:58:24.165874","NULL","NULL"
"88","NULL","NULL","false","1","2","737","NULL","2023-02-17T17:58:26.524545","NULL","NULL","CC","2023-02-17T17:58:26.452113","2023-02-17T19:58:26.452118","NULL","NULL"
"89","NULL","NULL","false","1","2","330","NULL","2023-02-17T17:58:28.827278","NULL","NULL","CC","2023-02-17T17:58:28.756807","2023-02-17T19:58:28.756813","NULL","NULL"
"90","NULL","NULL","false","1","2","330","NULL","2023-02-17T17:58:31.109631","NULL","NULL","CC","2023-02-17T17:58:31.033479","2023-02-17T19:58:31.033484","NULL","NULL"
"91","NULL","NULL","false","1","2","330","NULL","2023-02-17T17:58:33.39373","NULL","NULL","CC","2023-02-17T17:58:33.323901","2023-02-17T19:58:33.323907","NULL","NULL"
"92","NULL","NULL","false","1","2","330","NULL","2023-02-17T17:58:35.667081","NULL","NULL","CC","2023-02-17T17:58:35.595025","2023-02-17T19:58:35.595031","NULL","NULL"
"93","NULL","NULL","false","1","2","330","NULL","2023-02-17T17:58:37.955761","NULL","NULL","CC","2023-02-17T17:58:37.887567","2023-02-17T19:58:37.887573","NULL","NULL"
"94","NULL","NULL","false","1","2","737","NULL","2023-02-17T17:58:40.25461","NULL","NULL","CC","2023-02-17T17:58:40.183546","2023-02-17T19:58:40.183552","NULL","NULL"
"95","NULL","NULL","false","1","2","737","NULL","2023-02-17T17:58:42.573411","NULL","NULL","CC","2023-02-17T17:58:42.502524","2023-02-17T19:58:42.502528","NULL","NULL"
"96","NULL","NULL","false","1","2","737","NULL","2023-02-17T17:58:44.848445","NULL","NULL","CC","2023-02-17T17:58:44.777168","2023-02-17T19:58:44.777174","NULL","NULL"
"97","NULL","NULL","false","1","2","737","NULL","2023-02-17T17:58:47.139521","NULL","NULL","CC","2023-02-17T17:58:47.055339","2023-02-17T19:58:47.055346","NULL","NULL"
"98","NULL","NULL","false","1","2","737","NULL","2023-02-17T17:58:49.425652","NULL","NULL","CC","2023-02-17T17:58:49.355143","2023-02-17T19:58:49.35515","NULL","NULL"
"99","NULL","NULL","false","1","2","320","NULL","2023-02-17T17:58:51.724468","NULL","NULL","CC","2023-02-17T17:58:51.653699","2023-02-17T19:58:51.653705","NULL","NULL"
"100","NULL","NULL","false","1","2","320","NULL","2023-02-17T17:58:54.01043","NULL","NULL","CC","2023-02-17T17:58:53.939118","2023-02-17T19:58:53.939123","NULL","NULL"
"101","NULL","NULL","false","1","2","320","NULL","2023-02-17T17:58:56.299362","NULL","NULL","CC","2023-02-17T17:58:56.225124","2023-02-17T19:58:56.22513","NULL","NULL"
"102","NULL","NULL","false","1","2","330","NULL","2023-02-17T17:58:58.603107","NULL","NULL","CC","2023-02-17T17:58:58.524949","2023-02-17T19:58:58.524955","NULL","NULL"
"103","NULL","NULL","false","1","2","330","NULL","2023-02-17T17:59:00.88469","NULL","NULL","CC","2023-02-17T17:59:00.814386","2023-02-17T19:59:00.81439","NULL","NULL"
"104","NULL","NULL","false","1","2","330","NULL","2023-02-17T17:59:03.178872","NULL","NULL","CC","2023-02-17T17:59:03.108568","2023-02-17T19:59:03.108574","NULL","NULL"
"105","NULL","NULL","false","1","2","330","NULL","2023-02-17T17:59:05.460277","NULL","NULL","CC","2023-02-17T17:59:05.390591","2023-02-17T19:59:05.390597","NULL","NULL"
"106","NULL","NULL","false","1","2","330","NULL","2023-02-17T17:59:07.7682","NULL","NULL","CC","2023-02-17T17:59:07.693069","2023-02-17T19:59:07.693075","NULL","NULL"
"107","NULL","NULL","false","1","2","330","NULL","2023-02-17T17:59:10.073749","NULL","NULL","CC","2023-02-17T17:59:10.001823","2023-02-17T19:59:10.00183","NULL","NULL"
"108","NULL","NULL","false","1","2","330","NULL","2023-02-17T17:59:12.399501","NULL","NULL","CC","2023-02-17T17:59:12.331543","2023-02-17T19:59:12.331549","NULL","NULL"
"109","NULL","NULL","false","1","2","320","NULL","2023-02-17T17:59:14.640701","NULL","NULL","CC","2023-02-17T17:59:14.574283","2023-02-17T19:59:14.57429","NULL","NULL"
"110","NULL","NULL","false","1","2","320","NULL","2023-02-17T17:59:16.901958","NULL","NULL","CC","2023-02-17T17:59:16.833574","2023-02-17T19:59:16.833581","NULL","NULL"
"111","NULL","NULL","false","1","2","320","NULL","2023-02-17T17:59:19.170349","NULL","NULL","CC","2023-02-17T17:59:19.102154","2023-02-17T19:59:19.102161","NULL","NULL"
"148","NULL","NULL","false","1","3","320","NULL","2023-03-30T16:12:12.434256","NULL","NULL","FC","2022-11-16T00:10:00","2023-01-04T03:55:00","NULL","NULL"
"167","NULL","NULL","false","1","3","320","NULL","2023-03-31T15:22:23.63823","NULL","NULL","FC","2022-11-16T00:36:00","2023-01-07T14:30:00","NULL","NULL"
"171","NULL","NULL","false","1","3","320","NULL","2023-04-04T11:20:02.113038","NULL","NULL","FC","2022-11-16T00:36:00","2023-01-07T14:30:00","NULL","NULL"
"170","NULL","NULL","false","1","3","320","NULL","2023-04-13T15:11:29.03523","NULL","NULL","FC","2022-11-16T00:36:00","2023-01-07T14:30:00","NULL","NULL"
"169","NULL","NULL","false","1","3","320","NULL","2023-04-13T15:31:26.3381","NULL","NULL","FC","2022-11-16T00:36:00","2023-01-07T14:30:00","NULL","NULL"
"168","NULL","NULL","false","1","3","320","NULL","2023-04-13T15:37:53.067432","NULL","NULL","FC","2022-11-16T00:36:00","2023-01-07T14:30:00","NULL","NULL"
"203","NULL","NULL","false","1","3","320","NULL","2023-04-15T13:43:49.208355","NULL","NULL","FC","2022-11-16T00:36:00","2023-01-07T03:00:00","NULL","NULL"
"210","NULL","NULL","false","1","3","737","NULL","2023-04-18T16:03:01.680642","NULL","NULL","FC","2022-11-03T02:00:00","2022-11-18T03:00:00","NULL","NULL"
"147","NULL","NULL","false","1","3","320","NULL","2023-04-18T16:08:15.682701","NULL","NULL","FC","2022-11-16T01:56:00","2022-12-29T05:05:00","NULL","NULL"
"199","NULL","NULL","false","1","3","737","NULL","2023-04-18T16:08:42.020642","NULL","NULL","FC","2022-11-03T02:00:00","2022-11-18T03:00:00","NULL","NULL"
"218","NULL","NULL","false","1","3","320","NULL","2023-04-18T16:36:09.75908","NULL","NULL","FC","2022-11-16T00:36:00","2023-01-07T03:00:00","NULL","NULL"
"219","NULL","NULL","false","1","3","320","NULL","2023-04-18T16:36:53.594765","NULL","NULL","FC","2022-11-16T01:56:00","2022-12-29T05:05:00","NULL","NULL"
"211","NULL","NULL","false","1","3","320","NULL","2023-04-18T16:39:49.195005","NULL","NULL","FC","2022-12-19T05:00:00","2022-12-21T07:35:00","NULL","NULL"
"197","NULL","NULL","false","1","3","320","NULL","2023-04-18T16:40:20.28986","NULL","NULL","FC","2022-12-16T03:00:00","2022-12-19T05:35:00","NULL","NULL"
"224","NULL","NULL","false","1","3","320","NULL","2023-04-18T17:28:26.478296","NULL","NULL","FC","2022-11-16T00:36:00","2023-01-07T03:00:00","NULL","NULL"
"223","NULL","NULL","false","1","3","320","NULL","2023-04-18T17:39:57.402466","NULL","NULL","FC","2022-11-16T00:36:00","2023-01-07T03:00:00","NULL","NULL"
"217","NULL","NULL","false","1","3","320","NULL","2023-04-18T17:40:22.900585","NULL","NULL","FC","2022-12-16T07:15:00","2022-12-22T10:05:00","NULL","NULL"
"212","NULL","NULL","false","1","3","320","NULL","2023-04-18T19:18:14.401616","NULL","NULL","FC","2022-12-20T05:00:00","2022-12-22T07:35:00","NULL","NULL"
"236","NULL","NULL","false","1","3","320","NULL","2023-04-18T19:38:15.944065","NULL","NULL","FC","2022-12-16T03:10:00","2023-03-25T05:50:00","NULL","NULL"
"228","NULL","NULL","false","1","3","320","NULL","2023-04-18T23:07:39.334298","NULL","NULL","FC","2022-11-16T00:36:00","2023-01-07T03:00:00","NULL","NULL"
"227","NULL","NULL","false","1","3","320","NULL","2023-04-18T23:20:07.826484","NULL","NULL","FC","2022-11-16T00:36:00","2023-01-07T03:00:00","NULL","NULL"
"251","NULL","NULL","false","1","3","737","NULL","2023-04-18T23:21:18.123866","NULL","NULL","FC","2022-11-03T02:00:00","2022-11-18T03:00:00","NULL","NULL"
"299","NULL","NULL","false","1","3","320","NULL","2023-04-19T15:46:29.457447","NULL","NULL","FC","2022-11-16T00:36:00","2023-01-07T03:00:00","NULL","NULL"
"279","NULL","NULL","false","1","3","320","NULL","2023-04-19T15:50:24.309067","NULL","NULL","FC","2022-11-16T00:36:00","2023-01-07T03:00:00","NULL","NULL"
"284","NULL","NULL","false","1","3","320","NULL","2023-04-19T15:51:10.599794","NULL","NULL","FC","2022-11-16T00:36:00","2023-01-07T03:00:00","NULL","NULL"
"280","NULL","NULL","false","1","3","320","NULL","2023-04-19T15:51:16.964761","NULL","NULL","FC","2022-11-16T00:36:00","2023-01-07T03:00:00","NULL","NULL"
"278","NULL","NULL","false","1","3","320","NULL","2023-04-19T16:08:34.507017","NULL","NULL","FC","2022-11-16T00:36:00","2023-01-07T03:00:00","NULL","NULL"
"290","NULL","NULL","false","1","3","320","NULL","2023-04-19T16:08:53.277299","NULL","NULL","FC","2022-11-16T00:36:00","2023-01-07T03:00:00","NULL","NULL"
"294","NULL","NULL","false","1","3","320","NULL","2023-04-19T16:12:19.677652","NULL","NULL","FC","2022-11-16T00:36:00","2023-01-07T03:00:00","NULL","NULL"
"297","NULL","NULL","false","1","3","320","NULL","2023-04-19T16:12:43.390744","NULL","NULL","FC","2022-11-16T00:36:00","2023-01-07T03:00:00","NULL","NULL"
"296","NULL","NULL","false","1","3","320","NULL","2023-04-19T16:13:52.864926","NULL","NULL","FC","2022-11-16T00:36:00","2023-01-07T03:00:00","NULL","NULL"
"295","NULL","NULL","false","1","3","320","NULL","2023-04-19T16:37:10.527755","NULL","NULL","FC","2022-11-16T00:36:00","2023-01-07T03:00:00","NULL","NULL"
"293","NULL","NULL","false","1","3","320","NULL","2023-04-19T16:38:49.780774","NULL","NULL","FC","2022-11-16T00:36:00","2023-01-07T03:00:00","NULL","NULL"
"283","NULL","NULL","false","1","3","320","NULL","2023-04-19T16:53:48.287771","NULL","NULL","FC","2022-11-16T00:36:00","2023-01-07T03:00:00","NULL","NULL"
"292","NULL","NULL","false","1","3","320","NULL","2023-04-19T16:53:48.678728","NULL","NULL","FC","2022-11-16T00:36:00","2023-01-07T03:00:00","NULL","NULL"
"291","NULL","NULL","false","1","3","320","NULL","2023-04-19T16:55:18.702756","NULL","NULL","FC","2022-11-16T00:36:00","2023-01-07T03:00:00","NULL","NULL"
"289","NULL","NULL","false","1","3","320","NULL","2023-04-19T17:10:49.789662","NULL","NULL","FC","2022-11-16T00:36:00","2023-01-07T03:00:00","NULL","NULL"
"277","NULL","NULL","false","1","3","320","NULL","2023-04-19T17:11:01.386832","NULL","NULL","FC","2022-11-16T00:36:00","2023-01-07T03:00:00","NULL","NULL"
"276","NULL","NULL","false","1","3","320","NULL","2023-04-19T18:11:01.921802","NULL","NULL","FC","2022-11-16T00:36:00","2023-01-07T03:00:00","NULL","NULL"
"274","NULL","NULL","false","1","3","320","NULL","2023-04-19T18:25:04.502202","NULL","NULL","FC","2023-01-02T06:40:00","2023-03-25T09:10:00","NULL","NULL"
"247","NULL","NULL","false","1","3","737","NULL","2023-04-19T18:25:28.389309","NULL","NULL","FC","2022-11-03T02:00:00","2022-11-18T03:00:00","NULL","NULL"
"232","NULL","NULL","false","1","3","320","NULL","2023-04-19T18:29:07.01402","NULL","NULL","FC","2022-12-16T04:10:00","2022-12-23T06:45:00","NULL","NULL"
"262","NULL","NULL","false","1","3","320","NULL","2023-04-19T18:46:57.674703","NULL","NULL","FC","2022-12-30T05:25:00","2023-01-05T07:55:00","NULL","NULL"
"355","NULL","NULL","false","1","3","320","NULL","2023-04-19T20:55:59.480783","NULL","NULL","FC","2022-11-16T00:36:00","2023-01-07T14:30:00","NULL","NULL"
"344","NULL","NULL","false","1","3","320","NULL","2023-04-19T21:00:58.763889","NULL","NULL","FC","2022-11-16T00:36:00","2023-01-07T14:30:00","NULL","NULL"
"345","NULL","NULL","false","1","3","320","NULL","2023-04-19T20:59:36.506351","NULL","NULL","FC","2022-11-16T00:36:00","2023-01-07T14:30:00","NULL","NULL"
"343","NULL","NULL","false","1","3","320","NULL","2023-04-19T21:01:50.973071","NULL","NULL","FC","2022-11-16T00:36:00","2023-01-07T14:30:00","NULL","NULL"
"359","NULL","NULL","false","1","3","320","NULL","2023-04-19T21:22:39.615484","NULL","NULL","FC","2022-11-16T00:36:00","2023-01-07T14:30:00","NULL","NULL"
"327","NULL","NULL","false","1","3","320","NULL","2023-04-19T21:24:21.64016","NULL","NULL","FC","2022-11-16T00:36:00","2023-01-07T14:30:00","NULL","NULL"
"369","NULL","NULL","false","1","3","320","NULL","2023-04-19T22:38:08.498235","NULL","NULL","FC","2022-11-16T00:36:00","2023-01-07T14:30:00","NULL","NULL"
"258","NULL","NULL","false","1","3","320","NULL","2023-04-24T15:26:30.209448","NULL","NULL","FC","2022-12-16T05:25:00","2022-12-19T07:55:00","NULL","NULL"
"326","NULL","NULL","false","1","3","737","NULL","2023-04-20T12:15:45.487777","NULL","NULL","FC","2022-11-03T02:00:00","2022-11-20T07:00:00","NULL","NULL"
"387","NULL","NULL","false","1","3","737","NULL","2023-04-20T12:15:50.42556","NULL","NULL","FC","2022-11-03T02:00:00","2022-11-20T07:00:00","NULL","NULL"
"375","NULL","NULL","false","1","3","320","NULL","2023-04-20T12:16:14.768007","NULL","NULL","FC","2022-11-16T00:36:00","2023-01-07T14:30:00","NULL","NULL"
"371","NULL","NULL","false","1","3","320","NULL","2023-04-20T12:16:19.20313","NULL","NULL","FC","2022-11-16T00:36:00","2023-01-07T14:30:00","NULL","NULL"
"361","NULL","NULL","false","1","3","320","NULL","2023-04-20T12:16:24.241375","NULL","NULL","FC","2022-11-16T00:36:00","2023-01-07T14:30:00","NULL","NULL"
"370","NULL","NULL","false","1","3","320","NULL","2023-04-20T12:16:29.307871","NULL","NULL","FC","2022-11-16T00:36:00","2023-01-07T14:30:00","NULL","NULL"
"368","NULL","NULL","false","1","3","320","NULL","2023-04-20T12:17:09.335922","NULL","NULL","FC","2022-11-16T00:36:00","2023-01-07T14:30:00","NULL","NULL"
"367","NULL","NULL","false","1","3","320","NULL","2023-04-20T12:22:13.642921","NULL","NULL","FC","2022-11-16T00:36:00","2023-01-07T14:30:00","NULL","NULL"
"364","NULL","NULL","false","1","3","320","NULL","2023-04-20T12:22:29.20072","NULL","NULL","FC","2022-11-16T00:36:00","2023-01-07T14:30:00","NULL","NULL"
"388","NULL","NULL","false","1","3","320","NULL","2023-04-20T12:22:33.571431","NULL","NULL","FC","2022-11-16T01:56:00","2022-12-29T16:35:00","NULL","NULL"
"392","NULL","NULL","false","1","3","320","NULL","2023-04-20T12:30:30.394925","NULL","NULL","FC","2022-11-16T00:36:00","2023-01-07T14:30:00","NULL","NULL"
"384","NULL","NULL","false","1","3","737","NULL","2023-04-20T12:30:37.424156","NULL","NULL","FC","2022-11-03T02:00:00","2022-11-20T07:00:00","NULL","NULL"
"396","NULL","NULL","false","1","3","320","NULL","2023-04-20T12:33:06.225569","NULL","NULL","FC","2022-12-16T07:15:00","2022-12-22T21:35:00","NULL","NULL"
"480","NULL","NULL","false","1","3","320, 737","NULL","2023-04-25T21:28:26.502385","NULL","NULL","FC","2022-12-16T06:00:00","2022-12-19T01:55:00","NULL","NULL"
"390","NULL","NULL","false","1","3","320","NULL","2023-04-20T14:22:24.264674","NULL","NULL","FC","2022-11-16T00:36:00","2023-01-07T14:30:00","NULL","NULL"
"365","NULL","NULL","false","1","3","320","NULL","2023-04-20T14:22:28.684338","NULL","NULL","FC","2022-11-16T00:36:00","2023-01-07T14:30:00","NULL","NULL"
"358","NULL","NULL","false","1","3","320","NULL","2023-04-20T14:23:59.116077","NULL","NULL","FC","2022-12-16T07:15:00","2022-12-22T21:35:00","NULL","NULL"
"407","NULL","NULL","false","1","3","320","NULL","2023-04-20T19:28:55.631746","NULL","NULL","FC","2022-12-16T07:15:00","2022-12-22T21:35:00","NULL","NULL"
"469","NULL","NULL","false","1","3","320","NULL","2023-04-25T15:05:55.82121","NULL","NULL","FC","2022-12-16T15:15:00","2022-12-17T04:15:00","NULL","NULL"
"409","NULL","NULL","false","1","3","320","NULL","2023-04-20T20:10:57.324245","NULL","NULL","FC","2022-12-16T03:00:00","2022-12-19T17:05:00","NULL","NULL"
"245","NULL","NULL","false","1","3","320","NULL","2023-04-20T20:12:30.286934","NULL","NULL","FC","2022-12-16T03:00:00","2022-12-19T17:05:00","NULL","NULL"
"410","NULL","NULL","false","1","3","320","NULL","2023-04-20T20:12:35.086393","NULL","NULL","FC","2022-12-16T03:00:00","2022-12-19T17:05:00","NULL","NULL"
"339","NULL","NULL","false","1","3","320","NULL","2023-04-20T20:12:39.520729","NULL","NULL","FC","2022-12-30T03:00:00","2023-01-05T17:05:00","NULL","NULL"
"472","NULL","NULL","false","1","3","320","NULL","2023-04-25T15:49:20.866332","NULL","NULL","FC","2022-12-16T06:00:00","2022-12-17T01:25:00","NULL","NULL"
"471","NULL","NULL","false","1","3","320","NULL","2023-04-25T15:49:26.936778","NULL","NULL","FC","2022-12-16T08:25:00","2022-12-16T21:25:00","NULL","NULL"
"411","NULL","NULL","false","1","3","320","NULL","2023-04-24T14:38:30.67845","NULL","NULL","FC","2022-12-16T03:00:00","2022-12-24T12:25:00","NULL","NULL"
"470","NULL","NULL","false","1","3","320","NULL","2023-04-25T15:49:33.022866","NULL","NULL","FC","2022-12-29T09:10:00","2022-12-30T04:30:00","NULL","NULL"
"446","NULL","NULL","false","1","3","320","NULL","2023-04-24T14:41:04.213265","NULL","NULL","FC","2022-11-16T00:36:00","2023-01-07T14:30:00","NULL","NULL"
"435","NULL","NULL","false","1","3","320","NULL","2023-04-24T15:18:55.787188","NULL","NULL","FC","2022-12-16T06:45:00","2022-12-17T19:50:00","NULL","NULL"
"402","NULL","NULL","false","1","3","320","NULL","2023-04-24T15:19:01.04355","NULL","NULL","FC","2022-12-16T04:00:00","2022-12-19T18:20:00","NULL","NULL"
"333","NULL","NULL","false","1","3","320","NULL","2023-04-20T23:10:11.476308","NULL","NULL","FC","2022-11-16T01:56:00","2022-12-29T16:35:00","NULL","NULL"
"406","NULL","NULL","false","1","3","320","NULL","2023-04-20T23:10:50.175255","NULL","NULL","FC","2022-11-16T00:36:00","2023-01-17T15:50:00","NULL","NULL"
"432","NULL","NULL","false","1","3","320","NULL","2023-04-24T15:26:15.578134","NULL","NULL","FC","2022-12-16T07:15:00","2022-12-22T21:35:00","NULL","NULL"
"403","NULL","NULL","false","1","3","320","NULL","2023-04-24T15:26:20.378426","NULL","NULL","FC","2022-12-16T07:15:00","2022-12-22T21:35:00","NULL","NULL"
"441","NULL","NULL","false","1","3","320","NULL","2023-04-24T15:26:34.783932","NULL","NULL","FC","2022-12-16T06:40:00","2022-12-23T20:40:00","NULL","NULL"
"442","NULL","NULL","false","1","3","320","NULL","2023-04-24T15:45:40.941955","NULL","NULL","FC","2022-11-16T00:36:00","2023-01-07T14:30:00","NULL","NULL"
"430","NULL","NULL","false","1","3","320","NULL","2023-04-20T23:18:08.558646","NULL","NULL","FC","2022-11-16T00:36:00","2023-01-07T14:30:00","NULL","NULL"
"401","NULL","NULL","false","1","3","320","NULL","2023-04-20T23:31:22.925776","NULL","NULL","FC","2022-12-16T07:15:00","2022-12-22T21:35:00","NULL","NULL"
"436","NULL","NULL","false","1","3","320","NULL","2023-04-20T23:45:21.434421","NULL","NULL","FC","2022-11-16T00:36:00","2023-01-07T14:30:00","NULL","NULL"
"437","NULL","NULL","false","1","3","320","NULL","2023-04-21T00:52:54.780576","NULL","NULL","FC","2022-11-16T00:36:00","2023-03-25T16:15:00","NULL","NULL"
"456","NULL","NULL","false","1","3","320","NULL","2023-04-24T15:47:25.94281","NULL","NULL","FC","2022-11-16T00:36:00","2023-01-07T14:30:00","NULL","NULL"
"457","NULL","NULL","false","1","3","320","NULL","2023-04-24T15:47:29.485671","NULL","NULL","FC","2022-11-16T00:36:00","2023-01-07T14:30:00","NULL","NULL"
"473","NULL","NULL","false","1","3","320","NULL","2023-04-25T16:46:40.61663","NULL","NULL","FC","2022-12-16T06:00:00","2022-12-16T19:05:00","NULL","NULL"
"474","NULL","NULL","false","1","3","320","NULL","2023-04-25T16:46:53.329547","NULL","NULL","FC","2022-12-16T06:00:00","2022-12-17T01:25:00","NULL","NULL"
"458","NULL","NULL","false","1","3","320","NULL","2023-04-24T15:53:47.765687","NULL","NULL","FC","2022-11-16T00:36:00","2023-01-17T15:50:00","NULL","NULL"
"481","NULL","NULL","false","1","3","320, 737","NULL","2023-04-26T09:31:41.979785","NULL","NULL","FC","2022-12-16T06:00:00","2022-12-17T01:55:00","NULL","NULL"
"443","NULL","NULL","false","1","3","320","NULL","2023-04-21T10:10:07.480131","NULL","NULL","FC","2022-11-16T00:36:00","2023-01-17T15:50:00","NULL","NULL"
"444","NULL","NULL","false","1","3","320","NULL","2023-04-21T10:14:21.156948","NULL","NULL","FC","2022-12-16T07:15:00","2022-12-22T21:35:00","NULL","NULL"
"459","NULL","NULL","false","1","3","320","NULL","2023-04-24T16:09:14.234122","NULL","NULL","FC","2022-11-16T00:36:00","2023-01-17T15:50:00","NULL","NULL"
"408","NULL","NULL","false","1","3","320","NULL","2023-04-24T16:09:19.064216","NULL","NULL","FC","2022-12-16T06:40:00","2022-12-23T20:40:00","NULL","NULL"
"398","NULL","NULL","false","1","3","320","NULL","2023-04-24T16:09:23.200877","NULL","NULL","FC","2023-01-02T06:40:00","2023-03-25T20:40:00","NULL","NULL"
"393","NULL","NULL","false","1","3","320","NULL","2023-04-24T16:09:27.276317","NULL","NULL","FC","2022-12-16T07:15:00","2022-12-22T21:35:00","NULL","NULL"
"397","NULL","NULL","false","1","3","320","NULL","2023-04-24T16:09:34.034982","NULL","NULL","FC","2023-01-24T02:00:00","2023-01-27T08:09:00","NULL","NULL"
"460","NULL","NULL","false","1","3","737","NULL","2023-04-25T09:49:08.084667","NULL","NULL","FC","2022-11-03T02:00:00","2022-11-20T07:00:00","NULL","NULL"
"468","NULL","NULL","false","1","3","330","NULL","2023-04-25T14:57:19.684394","NULL","NULL","FC","2023-02-07T12:25:00","2023-02-08T05:55:00","NULL","NULL"
"482","NULL","NULL","false","1","3","320","NULL","2023-04-26T10:07:44.851212","NULL","NULL","FC","2022-12-20T06:00:00","2022-12-20T19:05:00","NULL","NULL"
"475","NULL","NULL","false","1","3","320","NULL","2023-04-25T21:01:59.67515","NULL","NULL","FC","2022-12-16T06:00:00","2022-12-17T01:25:00","NULL","NULL"
"477","NULL","NULL","false","1","3","320","NULL","2023-04-25T21:03:00.143927","NULL","NULL","FC","2022-12-17T06:00:00","2022-12-17T19:05:00","NULL","NULL"
"478","NULL","NULL","false","1","3","320, 737","NULL","2023-04-25T21:04:47.864751","NULL","NULL","FC","2022-12-16T06:00:00","2022-12-17T15:10:00","NULL","NULL"
"476","NULL","NULL","false","1","3","320","NULL","2023-04-25T21:05:27.931421","NULL","NULL","FC","2022-12-16T07:10:00","2022-12-26T07:00:00","NULL","NULL"
"479","NULL","NULL","false","1","3","320","NULL","2023-04-25T21:24:39.301715","NULL","NULL","FC","2022-12-16T06:00:00","2022-12-16T19:05:00","NULL","NULL"
"486","NULL","NULL","false","1","3","320","NULL","2023-04-26T11:31:11.178523","NULL","NULL","FC","2022-12-16T06:00:00","2022-12-16T19:05:00","NULL","NULL"
"484","NULL","NULL","false","1","3","320","NULL","2023-04-26T11:17:54.063131","NULL","NULL","FC","2022-12-16T08:25:00","2022-12-18T00:20:00","NULL","NULL"
"483","NULL","NULL","false","1","3","320, 737","NULL","2023-04-26T11:17:58.681721","NULL","NULL","FC","2022-12-16T06:00:00","2022-12-17T01:55:00","NULL","NULL"
"489","NULL","NULL","false","1","3","320","NULL","2023-04-26T15:21:52.597096","NULL","NULL","FC","2022-12-16T06:00:00","2022-12-17T01:25:00","NULL","NULL"
"490","NULL","NULL","false","1","3","320, 737","NULL","2023-04-26T15:22:01.041857","NULL","NULL","FC","2022-12-16T16:00:00","2022-12-19T15:05:00","NULL","NULL"
"485","NULL","NULL","false","1","3","320, 737","NULL","2023-04-26T11:29:10.684588","NULL","NULL","FC","2022-12-16T06:00:00","2022-12-17T15:10:00","NULL","NULL"
"487","NULL","NULL","false","1","3","320","NULL","2023-04-26T11:42:16.58574","NULL","NULL","FC","2022-12-16T06:00:00","2022-12-17T01:25:00","NULL","NULL"
"488","NULL","NULL","false","1","3","320, 737","NULL","2023-04-26T14:28:14.072786","NULL","NULL","FC","2022-12-16T06:00:00","2022-12-17T01:55:00","NULL","NULL"
