"id","creation_date","group_name","number","name","comment","block","vers_status","modified_date","date_from","date_to","user_id"
"1","2022-12-22T17:39:47.098979","PROD","v1","ПРОД_RENAME2105","RENAME2105","true","ACTIVE","2022-12-22T17:39:47.098979","NULL","NULL","NULL"
"44","2022-12-27T23:14:43.431068","ESTIMATION","NULL","[poiytyuiwrterwt","vvjbelhvbqlh","false","ACTIVE","2023-01-25T10:09:02.965506","2022-12-16T03:05:00","2023-03-26T02:55:00","admin"
"2","2022-12-22T22:55:05.086763","SNAPSHOT","NULL","Копия Продуктив с 2022-12-23","NULL","false","ACTIVE","2022-12-22T22:55:05.08677","2022-12-23T03:00:00","NULL","admin"
"3","2022-12-22T22:55:19.178053","SNAPSHOT","NULL","Копия Продуктив с 2022-12-23","NULL","false","ACTIVE","2022-12-22T22:55:19.178061","2022-12-23T03:00:00","NULL","admin"
"4","2022-12-22T22:56:11.176774","PLANNING","NULL","asdsad","sadsad","false","ACTIVE","2022-12-22T22:56:11.176789","NULL","NULL","admin"
"5","2022-12-22T23:22:05.533175","SNAPSHOT","NULL","Копия Продуктив с 2022-12-23","NULL","false","ACTIVE","2022-12-22T23:22:05.533181","2022-12-23T03:00:00","NULL","admin"
"6","2022-12-22T23:43:24.066942","ESTIMATION","NULL","test","test1","false","ACTIVE","2022-12-22T23:43:24.066953","NULL","NULL","admin"
"7","2022-12-22T23:45:09.606043","ESTIMATION","NULL","test1","test1","false","ACTIVE","2022-12-22T23:45:09.606055","NULL","NULL","admin"
"8","2022-12-22T23:45:33.849879","ESTIMATION","NULL","test2","test2","false","ACTIVE","2022-12-22T23:45:33.84989","NULL","NULL","admin"
"25","2022-12-24T00:29:08.480767","SNAPSHOT","NULL","Копия Продуктив с 2022-12-24","NULL","false","ACTIVE","2022-12-24T00:29:08.480769","2022-12-24T03:00:00","NULL","admin"
"9","2022-12-23T12:16:48.778011","SNAPSHOT","NULL","Копия Продуктив с 2022-12-24","NULL","false","ACTIVE","2022-12-23T12:16:48.778017","2022-12-24T03:00:00","NULL","admin"
"10","2022-12-23T12:17:19.978806","SNAPSHOT","NULL","Копия Продуктив с 2022-12-24","NULL","false","ACTIVE","2022-12-23T12:17:19.978811","2022-12-24T03:00:00","NULL","admin"
"54","2023-01-07T16:19:49.949284","ESTIMATION","NULL","впсрв","ыавпып","false","ACTIVE","2023-01-07T16:19:49.949292","NULL","NULL","admin"
"26","2022-12-24T00:29:23.709646","SNAPSHOT","NULL","Копия Продуктив с 2022-12-24","NULL","false","ACTIVE","2022-12-24T00:29:23.709648","2022-12-24T03:00:00","NULL","admin"
"27","2022-12-24T00:29:52.479595","PLANNING","NULL","рапва","вапр","false","ACTIVE","2022-12-24T00:29:52.479598","NULL","NULL","admin"
"50","2022-12-29T17:23:38.54087","PLANNING","NULL","еупкафц","авпиыа","false","ACTIVE","2023-01-07T16:26:55.540641","NULL","NULL","admin"
"11","2022-12-23T23:35:42.281789","ESTIMATION","NULL","Тест расписания","Тестируем файл","false","ACTIVE","2022-12-23T23:35:42.281798","NULL","NULL","admin"
"12","2022-12-23T23:41:34.99241","ESTIMATION","NULL","Test","Test1","false","ACTIVE","2022-12-23T23:41:34.992419","NULL","NULL","admin"
"13","2022-12-23T23:47:04.06148","ESTIMATION","NULL","jhds","vsa","false","ACTIVE","2022-12-23T23:47:04.061513","NULL","NULL","admin"
"14","2022-12-23T23:54:40.492813","ESTIMATION","NULL","фыв","фыв","false","ACTIVE","2022-12-23T23:54:40.492819","NULL","NULL","admin"
"15","2022-12-23T23:58:13.182019","ESTIMATION","NULL","qweewq","qewweq","false","ACTIVE","2022-12-23T23:58:13.182027","NULL","NULL","admin"
"16","2022-12-24T00:04:48.698462","ESTIMATION","NULL","qer","uijyhtb","false","ACTIVE","2022-12-24T00:04:48.698469","NULL","NULL","admin"
"17","2022-12-24T00:06:34.097059","SNAPSHOT","NULL","Копия Продуктив с 2022-12-24","NULL","false","ACTIVE","2022-12-24T00:06:34.097063","2022-12-24T03:00:00","NULL","admin"
"18","2022-12-24T00:06:51.420361","ESTIMATION","NULL","17","17","false","ACTIVE","2022-12-24T00:06:51.420367","NULL","NULL","admin"
"19","2022-12-24T00:10:28.846898","ESTIMATION","NULL","zxc","zxc","false","ACTIVE","2022-12-24T00:10:28.846904","NULL","NULL","admin"
"20","2022-12-24T00:12:18.882594","ESTIMATION","NULL","ttt","ttt","false","ACTIVE","2022-12-24T00:12:18.882629","NULL","NULL","admin"
"21","2022-12-24T00:15:09.640364","ESTIMATION","NULL","asd","adsasd","false","ACTIVE","2022-12-24T00:15:09.640371","NULL","NULL","admin"
"22","2022-12-24T00:17:09.037448","SNAPSHOT","NULL","Копия Продуктив с 2022-12-24","NULL","false","ACTIVE","2022-12-24T00:17:09.037456","2022-12-24T03:00:00","NULL","admin"
"23","2022-12-24T00:17:29.454416","ESTIMATION","NULL","[p","pkl","false","ACTIVE","2022-12-24T00:17:29.454433","NULL","NULL","admin"
"55","2023-01-10T12:03:55.594351","SNAPSHOT","NULL","Копия Продуктив с 2023-01-11","NULL","false","ACTIVE","2023-01-10T12:03:55.594356","2023-01-11T03:00:00","NULL","admin"
"28","2022-12-25T00:34:11.669814","ESTIMATION","NULL","[poi","piuh","false","ACTIVE","2022-12-25T00:34:11.669817","NULL","NULL","admin"
"29","2022-12-25T00:38:13.060386","ESTIMATION","NULL","5yutu","tryutuy","false","ACTIVE","2022-12-25T00:38:13.060389","NULL","NULL","admin"
"30","2022-12-26T11:47:03.711202","SNAPSHOT","NULL","Копия Продуктив с 2022-12-27","NULL","false","ACTIVE","2022-12-26T11:47:03.711204","2022-12-27T03:00:00","NULL","admin"
"31","2022-12-26T11:47:32.409513","PLANNING","NULL","орпа","ьтипа","false","ACTIVE","2022-12-26T11:47:32.409516","NULL","NULL","admin"
"32","2022-12-26T16:42:13.080425","PLANNING","NULL","24234","","false","ACTIVE","2022-12-26T16:42:13.080428","NULL","NULL","admin"
"33","2022-12-26T16:56:45.562824","PLANNING","NULL","111","","false","ACTIVE","2022-12-26T16:56:45.562827","NULL","NULL","admin"
"34","2022-12-26T17:58:40.651019","PLANNING","NULL","qwe","ewq","false","ACTIVE","2022-12-26T17:58:40.651022","NULL","NULL","admin"
"51","2023-01-03T14:54:25.008644","PLANNING","NULL","likrtjuyrt","g,mfydntrbe","false","ACTIVE","2023-01-03T14:54:25.008734","NULL","NULL","admin"
"35","2022-12-27T09:29:04.142584","SNAPSHOT","NULL","Копия Продуктив с 2022-12-28","NULL","false","ACTIVE","2022-12-27T09:29:04.142586","2022-12-28T03:00:00","NULL","admin"
"36","2022-12-27T14:40:10.593833","PLANNING","NULL","йцуйцууйцу","уцйуйцуйц","false","ACTIVE","2022-12-27T14:40:10.593836","NULL","NULL","admin"
"37","2022-12-27T14:59:50.330331","PLANNING","NULL","еоего","егноеногген","false","ACTIVE","2022-12-27T14:59:50.330334","NULL","NULL","admin"
"38","2022-12-27T15:01:27.042153","PLANNING","NULL","asdasd","asdasd","false","ACTIVE","2022-12-27T15:01:27.042157","NULL","NULL","admin"
"43","2022-12-27T22:56:07.83207","ESTIMATION","NULL","asdadf","adfsafa","false","ACTIVE","2023-01-11T17:09:45.844997","2022-12-16T03:05:00","2023-03-26T02:55:00","admin"
"39","2022-12-27T15:03:05.653413","ESTIMATION","NULL","Новое расписание","йцуйцуйц","false","ACTIVE","2023-01-31T12:54:51.665856","2022-12-16T03:05:00","2023-03-26T02:55:00","admin"
"52","2023-01-03T14:56:31.954251","ESTIMATION","NULL","yrte","yrte","false","ACTIVE","2023-01-03T14:56:31.954262","NULL","NULL","admin"
"41","2022-12-27T18:06:55.465043","PLANNING","NULL","][poiuy","]'[;plokijht","false","ACTIVE","2022-12-27T18:06:55.465045","NULL","NULL","admin"
"42","2022-12-27T22:55:00.847437","PLANNING","NULL","file ot afl","asdsada","false","ACTIVE","2022-12-27T22:55:00.847439","NULL","NULL","admin"
"24","2022-12-24T00:26:00.308462","ESTIMATION","NULL","tyu","tyu","false","ACTIVE","2023-02-06T11:41:04.436101","2022-12-16T03:05:00","2023-03-26T02:55:00","admin"
"57","2023-01-10T12:05:22.678859","SNAPSHOT","NULL","Копия Продуктив с 2023-01-11","NULL","false","ACTIVE","2023-01-10T12:05:22.678863","2023-01-11T03:00:00","NULL","admin"
"56","2023-01-10T12:04:11.625642","SNAPSHOT","NULL","Копия Продуктив с 2023-01-11","NULL","false","ACTIVE","2023-01-10T12:04:11.625647","2023-01-11T03:00:00","NULL","admin"
"53","2023-01-07T15:41:22.583301","SNAPSHOT","NULL","Копия Продуктив с 2023-01-08","NULL","false","ACTIVE","2023-01-07T15:41:22.583307","2023-01-08T03:00:00","NULL","admin"
"58","2023-01-10T12:06:00.958627","SNAPSHOT","NULL","Копия Продуктив с 2023-01-11","NULL","false","ACTIVE","2023-01-10T12:06:00.958632","2023-01-11T03:00:00","NULL","admin"
"59","2023-01-10T12:07:12.647881","SNAPSHOT","NULL","Копия Продуктив с 2023-01-11","NULL","false","ACTIVE","2023-01-10T12:07:12.647886","2023-01-11T03:00:00","NULL","admin"
"61","2023-01-10T12:20:20.108401","PLANNING","NULL","План на демо","выфвыфвф","false","ACTIVE","2023-01-10T12:20:20.108402","NULL","NULL","admin"
"62","2023-01-10T15:10:03.060391","SNAPSHOT","NULL","Копия Продуктив с 2023-01-11","NULL","false","ACTIVE","2023-01-10T15:10:03.060393","2023-01-11T03:00:00","NULL","admin"
"63","2023-01-10T15:36:06.643011","SNAPSHOT","NULL","Копия Продуктив с 2023-01-11","NULL","false","ACTIVE","2023-01-10T15:36:06.643012","2023-01-11T03:00:00","NULL","admin"
"60","2023-01-10T12:17:11.044405","ESTIMATION","NULL","расписание на демо","фыввыфв","false","ACTIVE","2023-02-01T15:02:32.820612","2022-12-16T03:05:00","2023-03-26T02:55:00","admin"
"64","2023-01-10T15:36:24.452854","SNAPSHOT","NULL","Копия Продуктив с 2023-01-11","NULL","false","ACTIVE","2023-01-10T15:36:24.452855","2023-01-11T03:00:00","NULL","admin"
"48","2022-12-28T17:27:27.298554","PLANNING","NULL","qwetrhygfsad","qwgtrefrqwed","false","DELETED","2023-01-11T16:18:24.324378","NULL","NULL","elena.volgina"
"49","2022-12-29T13:30:53.463123","PLANNING","NULL","план","йцу","false","DELETED","2023-01-11T16:18:28.700283","NULL","NULL","elena.volgina"
"46","2022-12-27T23:36:06.187578","PLANNING","NULL","jghfdfsd","mfjghnfdgbvf","false","DELETED","2023-01-11T16:18:31.90653","NULL","NULL","elena.volgina"
"45","2022-12-27T23:16:45.006467","PLANNING","NULL","asdasd","asdsada","false","DELETED","2023-01-11T16:18:34.796026","NULL","NULL","elena.volgina"
"40","2022-12-27T15:07:30.716831","ESTIMATION","NULL","новое1","уцй","false","ACTIVE","2023-01-26T11:36:19.241331","2022-12-16T03:05:00","2023-03-26T02:55:00","admin"
"47","2022-12-28T17:26:21.162775","ESTIMATION","NULL","hjkhjk","fghgfh","false","ACTIVE","2023-01-11T16:58:21.977498","2022-12-16T03:05:00","2023-03-26T02:55:00","admin"
"65","2023-01-11T11:25:09.265782","PLANNING","NULL","hfggfh","fghfgh","false","ACTIVE","2023-01-31T12:56:24.65537","NULL","NULL","admin"
"66","2023-01-11T16:57:57.624511","SNAPSHOT","NULL","Копия Продуктив с 2023-01-12","NULL","false","ACTIVE","2023-01-11T16:57:57.624519","2023-01-12T03:00:00","NULL","admin"
"67","2023-01-11T16:58:45.169954","PLANNING","NULL","hsgfrymy","dtenhfdnfd","false","ACTIVE","2023-01-11T16:58:45.169963","NULL","NULL","admin"
"68","2023-01-11T17:08:37.018034","PLANNING","NULL","5555","5555","false","ACTIVE","2023-01-11T17:08:37.018045","NULL","NULL","admin"
"69","2023-01-12T16:06:37.922946","ESTIMATION","NULL","ytrgvfdscdmjg fx","jcgfgxbdvfzhvv cgfx","false","ACTIVE","2023-01-12T16:06:37.922956","NULL","NULL","admin"
"70","2023-01-12T16:07:18.537211","PLANNING","NULL","bv vbcn","cvbnvcn","false","ACTIVE","2023-01-12T16:07:18.537222","NULL","NULL","admin"
"71","2023-01-16T13:51:30.676933","PLANNING","NULL","with new file","qlwelkqwje","false","ACTIVE","2023-01-16T13:51:30.676944","NULL","NULL","admin"
"98","2023-01-23T14:18:40.413483","ESTIMATION","NULL","file","Uploaded from UI Mon Jan 23 14:18:39 TRT 2023","false","ACTIVE","2023-01-23T14:18:40.413589","2022-12-16T03:05:00","2023-03-26T02:55:00","NULL"
"103","2023-01-23T16:59:29.721314","ESTIMATION","NULL","file","Uploaded from UI Mon Jan 23 16:59:29 TRT 2023","false","ACTIVE","2023-01-23T16:59:29.721344","2022-12-16T03:05:00","2023-03-26T02:55:00","NULL"
"74","2023-01-17T11:58:21.956858","ESTIMATION","NULL","[qopp[op","hj horijn orj","false","ACTIVE","2023-01-17T11:58:40.039298","2022-12-16T03:05:00","2023-03-26T02:55:00","admin"
"85","2023-01-20T17:17:53.900283","ESTIMATION","NULL","2023-01-20-004","for test","false","ACTIVE","2023-01-23T10:30:00.944487","2022-12-16T03:05:00","2023-03-26T02:55:00","admin"
"104","2023-01-23T20:24:48.203029","ESTIMATION","NULL","file","Uploaded from UI Mon Jan 23 20:24:46 TRT 2023","false","ACTIVE","2023-01-23T20:24:48.203031","NULL","NULL","NULL"
"91","2023-01-23T11:41:44.544346","ESTIMATION","NULL","file","Uploaded from UI Mon Jan 23 11:41:43 TRT 2023","false","ACTIVE","2023-01-23T11:41:44.544348","NULL","NULL","NULL"
"92","2023-01-23T12:52:34.082407","ESTIMATION","NULL","file","Uploaded from UI Mon Jan 23 12:52:33 TRT 2023","false","ACTIVE","2023-01-23T12:52:34.08241","NULL","NULL","NULL"
"93","2023-01-23T12:53:00.460398","ESTIMATION","NULL","file","Uploaded from UI Mon Jan 23 12:53:00 TRT 2023","false","ACTIVE","2023-01-23T12:53:00.4604","NULL","NULL","NULL"
"94","2023-01-23T13:00:42.058109","ESTIMATION","NULL","file","Uploaded from UI Mon Jan 23 13:00:41 TRT 2023","false","ACTIVE","2023-01-23T13:00:42.058111","NULL","NULL","NULL"
"77","2023-01-17T12:30:15.890933","ESTIMATION","NULL",",mnbvcxjhgf","dfghngfdhfgh","false","ACTIVE","2023-01-17T12:30:33.916425","2022-12-16T03:05:00","2023-03-26T02:55:00","admin"
"72","2023-01-17T11:07:03.43054","ESTIMATION","NULL","ytre","utyryew","false","ACTIVE","2023-01-17T11:33:42.04816","2022-12-16T03:05:00","2023-03-26T02:55:00","admin"
"95","2023-01-23T13:08:57.851935","ESTIMATION","NULL","file","Uploaded from UI Mon Jan 23 13:08:57 TRT 2023","false","ACTIVE","2023-01-23T13:08:57.851937","NULL","NULL","NULL"
"105","2023-01-23T20:44:38.243582","ESTIMATION","NULL","file","Uploaded from UI Mon Jan 23 20:44:36 TRT 2023","false","ACTIVE","2023-01-23T20:44:38.243584","2022-12-16T03:05:00","2023-03-26T02:55:00","NULL"
"96","2023-01-23T13:59:35.85072","ESTIMATION","NULL","file","Uploaded from UI Mon Jan 23 13:59:35 TRT 2023","false","ACTIVE","2023-01-23T13:59:35.850723","NULL","NULL","NULL"
"81","2023-01-19T11:28:01.507284","PLANNING","NULL","гшнгрвенкы","неку","false","ACTIVE","2023-01-19T11:28:01.507286","NULL","NULL","admin"
"80","2023-01-19T11:10:52.34926","ESTIMATION","NULL","дрбольпатвиав",".длброьп тпиа","false","ACTIVE","2023-01-19T12:53:29.720173","2022-12-16T03:05:00","2023-03-26T02:55:00","admin"
"75","2023-01-17T12:00:31.954966","ESTIMATION","NULL","4535345","354345435","false","ACTIVE","2023-01-17T12:01:04.847289","2022-12-16T03:05:00","2023-03-26T02:55:00","admin"
"97","2023-01-23T14:05:54.446412","ESTIMATION","NULL","file","Uploaded from UI Mon Jan 23 14:05:53 TRT 2023","false","ACTIVE","2023-01-23T14:05:54.446414","NULL","NULL","NULL"
"106","2023-01-24T18:11:07.74752","ESTIMATION","NULL","file","Uploaded from UI Tue Jan 24 18:11:06 TRT 2023","false","ACTIVE","2023-01-24T18:11:07.747523","NULL","NULL","NULL"
"86","2023-01-23T11:23:40.947264","ESTIMATION","NULL","2023-01-23","for test","false","ACTIVE","2023-01-23T11:23:51.852111","2022-12-16T03:05:00","2023-03-26T02:20:00","admin"
"87","2023-01-23T11:24:50.382097","ESTIMATION","NULL","2023-01-23-001","for test","false","ACTIVE","2023-01-23T11:24:50.3821","NULL","NULL","admin"
"84","2023-01-20T17:16:29.219266","ESTIMATION","NULL","2023-01-20-003","for test","false","ACTIVE","2023-01-20T17:16:54.284036","2022-12-16T03:05:00","2023-03-26T02:55:00","admin"
"73","2023-01-17T11:52:51.116046","ESTIMATION","NULL","jyhtgrf","ujnyhrtegbv","false","ACTIVE","2023-01-17T11:58:21.099442","2022-12-16T03:05:00","2023-03-26T02:55:00","admin"
"88","2023-01-23T11:26:26.772042","ESTIMATION","NULL","2023-01-23-002","for tests","false","ACTIVE","2023-01-23T11:26:26.772044","NULL","NULL","admin"
"89","2023-01-23T11:27:38.510733","ESTIMATION","NULL","2023-01-23-003","ad","false","ACTIVE","2023-01-23T11:27:38.510735","NULL","NULL","admin"
"82","2023-01-20T16:59:59.613363","ESTIMATION","NULL","2023-01-20","for test","false","PROCESSING","2023-01-20T17:00:14.287433","2022-12-16T03:05:00","2023-03-26T02:20:00","admin"
"101","2023-01-23T15:48:53.80883","ESTIMATION","NULL","file","Uploaded from UI Mon Jan 23 15:48:53 TRT 2023","false","ACTIVE","2023-01-23T15:48:53.808832","2022-12-16T03:05:00","2023-03-26T02:55:00","NULL"
"90","2023-01-23T11:29:15.638221","ESTIMATION","NULL","2023-01-23-003","we","false","ACTIVE","2023-01-23T16:51:21.031519","2022-12-16T03:05:00","2023-03-26T02:55:00","admin"
"76","2023-01-17T12:28:41.745329","ESTIMATION","NULL","m,nnbvcxz","fhnhfgngf","false","ACTIVE","2023-01-17T12:28:59.701332","2022-12-16T03:05:00","2023-03-26T02:55:00","admin"
"79","2023-01-17T17:54:52.630565","SNAPSHOT","NULL","Копия Продуктив с 2023-01-18","NULL","false","ACTIVE","2023-01-17T17:54:52.630566","2023-01-18T03:00:00","NULL","admin"
"102","2023-01-23T16:57:29.080228","ESTIMATION","NULL","2023-01-23-005","тест","false","ACTIVE","2023-01-25T17:43:29.959406","2022-12-16T03:05:00","2023-03-26T02:55:00","admin"
"99","2023-01-23T14:41:34.82296","ESTIMATION","NULL","file","Uploaded from UI Mon Jan 23 14:41:34 TRT 2023","false","ACTIVE","2023-01-23T14:41:34.822962","2022-12-16T03:05:00","2023-03-26T02:55:00","NULL"
"100","2023-01-23T15:34:12.861154","ESTIMATION","NULL","file","Uploaded from UI Mon Jan 23 15:34:12 TRT 2023","false","ACTIVE","2023-01-23T15:34:12.861156","NULL","NULL","NULL"
"78","2023-01-17T12:33:24.50348","ESTIMATION","NULL","123123","eqwe","false","ACTIVE","2023-01-19T11:02:44.834228","2022-12-16T03:05:00","2023-03-26T02:55:00","admin"
"134","2023-01-26T18:02:38.456383","ESTIMATION","NULL","test","test
","false","ACTIVE","2023-01-26T18:02:38.456391","NULL","NULL","admin"
"135","2023-01-26T18:02:49.682512","ESTIMATION","NULL","test","test","false","ACTIVE","2023-01-26T18:02:49.682519","NULL","NULL","admin"
"136","2023-01-26T18:31:58.694442","ESTIMATION","NULL","test","test","false","ACTIVE","2023-01-26T18:31:58.69445","NULL","NULL","admin"
"137","2023-01-26T18:32:08.018004","ESTIMATION","NULL","test","test","false","ACTIVE","2023-01-26T18:32:08.018012","NULL","NULL","admin"
"138","2023-01-26T18:32:09.529814","ESTIMATION","NULL","test","test","false","ACTIVE","2023-01-26T18:32:09.529822","NULL","NULL","admin"
"139","2023-01-26T19:02:19.23439","ESTIMATION","NULL","eeeee","eeeeeeee","false","ACTIVE","2023-01-26T19:02:19.234399","NULL","NULL","admin"
"140","2023-01-26T19:08:18.838938","ESTIMATION","NULL","eeeee","eeeeeeee","false","ACTIVE","2023-01-26T19:08:18.838947","NULL","NULL","admin"
"141","2023-01-26T19:08:19.304578","ESTIMATION","NULL","eeeee","eeeeeeee","false","ACTIVE","2023-01-26T19:08:19.304587","NULL","NULL","admin"
"142","2023-01-26T19:08:19.682572","ESTIMATION","NULL","eeeee","eeeeeeee","false","ACTIVE","2023-01-26T19:08:19.68258","NULL","NULL","admin"
"143","2023-01-26T19:08:19.961291","ESTIMATION","NULL","eeeee","eeeeeeee","false","ACTIVE","2023-01-26T19:08:19.961301","NULL","NULL","admin"
"144","2023-01-26T19:08:20.1344","ESTIMATION","NULL","eeeee","eeeeeeee","false","ACTIVE","2023-01-26T19:08:20.134409","NULL","NULL","admin"
"145","2023-01-26T19:11:58.400613","ESTIMATION","NULL","eeeee","eeeeeeee","false","ACTIVE","2023-01-26T19:11:58.400621","NULL","NULL","admin"
"146","2023-01-26T19:14:14.813982","ESTIMATION","NULL","eeeee","eeeeeeee","false","ACTIVE","2023-01-26T19:14:14.814005","NULL","NULL","admin"
"147","2023-01-26T19:57:50.549972","ESTIMATION","NULL","eeeee","eeeeeeee","false","ACTIVE","2023-01-26T19:57:50.549979","NULL","NULL","admin"
"148","2023-01-26T19:58:06.532237","ESTIMATION","NULL","ячяяччя","чсчссч","false","ACTIVE","2023-01-26T19:58:06.532243","NULL","NULL","admin"
"149","2023-01-26T21:16:49.128207","ESTIMATION","NULL","sfs","fd","false","ACTIVE","2023-01-26T21:16:49.128228","NULL","NULL","admin"
"83","2023-01-20T17:02:09.439618","ESTIMATION","NULL","2023-01-20","for test","false","ACTIVE","2023-01-31T12:55:37.772783","2022-12-16T03:25:00","2023-03-26T02:55:00","admin"
"150","2023-01-27T13:30:46.833666","SNAPSHOT","NULL","Копия Продуктив с 2023-01-28","NULL","false","ACTIVE","2023-01-27T13:30:46.833675","2023-01-28T03:00:00","2023-04-13T03:00:00","admin"
"151","2023-01-31T12:58:31.411009","SNAPSHOT","NULL","Копия Продуктив с 2023-02-01","NULL","false","ACTIVE","2023-01-31T12:58:31.41101","2023-02-01T03:00:00","2023-04-13T03:00:00","admin"
"153","2023-02-02T15:13:22.114655","ESTIMATION","NULL","Продуктивное расписание 124","Тест3","false","ACTIVE","2023-02-02T15:13:22.114657","NULL","NULL","admin"
"152","2023-02-01T15:18:09.645704","ESTIMATION","NULL","123123","2312312","false","ACTIVE","2023-02-01T17:11:18.000907","2022-12-16T03:05:00","2023-03-26T02:55:00","admin"
"154","2023-02-02T18:22:09.724247","ESTIMATION","NULL","вы","ыыв","false","ACTIVE","2023-02-02T18:22:09.724249","NULL","NULL","admin"
"155","2023-02-12T11:25:58.547101","ESTIMATION","NULL","123","ааааа","false","ACTIVE","2023-02-12T11:25:58.547118","NULL","NULL","admin"
"156","2023-02-19T11:35:17.795879","ESTIMATION","NULL","scc","cxzc","false","ACTIVE","2023-02-19T11:35:17.79589","NULL","NULL","admin"
"188","2023-04-25T13:03:00.210771","ESTIMATION","NULL","12","","false","ACTIVE","2023-04-25T14:04:45.84328","2022-12-16T03:05:00","2023-03-26T02:55:00","admin"
"191","2023-04-25T14:55:15.15505","ESTIMATION","NULL","шгльаонтрвеипыма","юшнбдплгьанторвепкуа","false","ACTIVE","2023-04-25T15:03:40.776248","NULL","NULL","admin"
"157","2023-04-10T09:22:35.980624","ESTIMATION","NULL","шелокнгреунпкцуа","йцукцйуайцайц","false","ACTIVE","2023-04-10T09:23:21.214291","NULL","NULL","admin"
"183","2023-04-25T12:10:32.328856","ESTIMATION","NULL","213","","false","ACTIVE","2023-04-25T12:11:29.174547","NULL","NULL","admin"
"158","2023-04-10T14:06:28.45037","ESTIMATION","NULL","h,kgumjyhfntgdrfsd","h,kgmjhfgndbf","false","ACTIVE","2023-04-10T14:07:09.425671","NULL","NULL","admin"
"159","2023-04-11T17:49:15.090087","ESTIMATION","NULL","qweqe","qeqwerqwer","false","ACTIVE","2023-04-11T17:49:15.090096","NULL","NULL","admin"
"161","2023-04-17T01:19:04.921741","ESTIMATION","NULL","11111","22222","false","ACTIVE","2023-04-17T01:19:04.921769","NULL","NULL","admin"
"184","2023-04-25T12:13:43.995103","ESTIMATION","NULL","sfgds","","false","PROCESSING","2023-04-25T12:13:48.084585","NULL","NULL","admin"
"160","2023-04-12T12:59:13.207743","ESTIMATION","NULL","qwertyiopzxscdvfyuj,kl.[","23456780-==-098765432","false","ACTIVE","2023-04-17T18:18:17.642946","NULL","NULL","admin"
"162","2023-04-17T18:20:04.010459","ESTIMATION","NULL","лорыварповап","ыкпыкур","false","ACTIVE","2023-04-17T18:20:04.01047","NULL","NULL","admin"
"163","2023-04-17T18:24:44.30467","ESTIMATION","NULL","ыеноыкоыко","","false","ACTIVE","2023-04-17T18:24:44.304676","NULL","NULL","admin"
"164","2023-04-17T18:26:17.744896","ESTIMATION","NULL","папмо","","false","ACTIVE","2023-04-17T18:26:17.744901","NULL","NULL","admin"
"165","2023-04-17T18:27:26.34476","ESTIMATION","NULL","чарочнлыел","","false","ACTIVE","2023-04-17T18:27:26.344766","NULL","NULL","admin"
"166","2023-04-17T18:27:44.074238","ESTIMATION","NULL","вававп","","false","ACTIVE","2023-04-17T18:27:44.074244","NULL","NULL","admin"
"167","2023-04-18T14:46:51.65171","PLANNING","NULL","Lena","","false","ACTIVE","2023-04-18T14:46:51.651716","NULL","NULL","admin"
"168","2023-04-19T12:45:44.023548","ESTIMATION","NULL","Лена","","false","ACTIVE","2023-04-19T12:45:44.023553","NULL","NULL","admin"
"169","2023-04-24T15:31:21.148632","ESTIMATION","NULL","1.0","Тест","false","PROCESSING","2023-04-24T15:34:03.865404","NULL","NULL","admin"
"185","2023-04-25T12:14:13.495595","ESTIMATION","NULL","trtret","","false","ACTIVE","2023-04-25T12:14:13.495598","NULL","NULL","admin"
"170","2023-04-24T15:36:13.009362","ESTIMATION","NULL","явдотарвфагвы","ыфв","false","ACTIVE","2023-04-24T15:36:40.171128","NULL","NULL","admin"
"171","2023-04-24T15:59:57.732476","ESTIMATION","NULL","Не ликвид","выффв","false","ACTIVE","2023-04-24T15:59:57.73248","NULL","NULL","admin"
"172","2023-04-25T09:53:22.991753","ESTIMATION","NULL","oiuytrew","p;olikujyhtgrf","false","PROCESSING","2023-04-25T09:53:38.189527","NULL","NULL","admin"
"173","2023-04-25T09:57:00.406168","ESTIMATION","NULL","'[;plokjhgf","l,kmhjngbfv","false","PROCESSING","2023-04-25T09:57:15.998736","NULL","NULL","admin"
"186","2023-04-25T12:14:38.884257","ESTIMATION","NULL","efesdrfsd","","false","ACTIVE","2023-04-25T12:14:38.884259","NULL","NULL","admin"
"174","2023-04-25T10:02:50.613629","ESTIMATION","NULL"," vbvb","vbvb","false","ACTIVE","2023-04-25T10:03:13.471108","NULL","NULL","admin"
"175","2023-04-25T10:05:36.345738","ESTIMATION","NULL","dsfgdsfg","dfsgsdgdsg","false","ACTIVE","2023-04-25T10:05:36.34574","NULL","NULL","admin"
"197","2023-04-26T09:27:02.183361","ESTIMATION","NULL","Тестирование","","false","ACTIVE","2023-04-26T09:27:23.572182","NULL","NULL","admin"
"189","2023-04-25T14:16:28.221431","ESTIMATION","NULL","ееупуепеце","цпецкепцепц","false","ACTIVE","2023-04-25T14:19:50.259637","NULL","NULL","admin"
"176","2023-04-25T10:06:15.643336","ESTIMATION","NULL","gdhfhfdh","rewqrwrq","false","ACTIVE","2023-04-25T10:10:11.267886","NULL","NULL","admin"
"177","2023-04-25T10:16:16.722216","ESTIMATION","NULL","щлгшонрепкау","щншглеонаревпк","false","ACTIVE","2023-04-25T10:16:16.722218","NULL","NULL","admin"
"178","2023-04-25T10:16:37.495094","ESTIMATION","NULL","мчимисимси","мсимсимси","false","ACTIVE","2023-04-25T10:16:37.495097","NULL","NULL","admin"
"179","2023-04-25T10:24:07.127089","ESTIMATION","NULL","65uj657j64","j46j56j56","false","ACTIVE","2023-04-25T10:24:27.66815","NULL","NULL","admin"
"192","2023-04-25T16:32:02.978176","ESTIMATION","NULL","123","","false","ACTIVE","2023-04-25T16:32:36.271193","NULL","NULL","admin"
"180","2023-04-25T11:52:26.722932","ESTIMATION","NULL","онктреипамв","неьотревипкмы","false","ACTIVE","2023-04-25T11:53:11.668729","NULL","NULL","admin"
"193","2023-04-25T16:36:29.283524","ESTIMATION","NULL","1234","","false","ACTIVE","2023-04-25T16:36:59.168976","NULL","NULL","admin"
"181","2023-04-25T12:01:33.798662","ESTIMATION","NULL","123","","false","ACTIVE","2023-04-25T12:04:50.469484","NULL","NULL","admin"
"187","2023-04-25T12:18:40.464921","ESTIMATION","NULL","фыв","","false","ACTIVE","2023-04-25T13:02:20.472215","NULL","NULL","admin"
"182","2023-04-25T12:07:12.201892","ESTIMATION","NULL","erewr","","false","ACTIVE","2023-04-25T12:07:40.672861","NULL","NULL","admin"
"201","2023-04-26T11:33:15.056256","ESTIMATION","NULL","1235","","false","ACTIVE","2023-04-26T11:34:51.684238","NULL","NULL","admin"
"198","2023-04-26T09:38:09.870102","ESTIMATION","NULL","тест","","false","ACTIVE","2023-04-26T09:38:29.46755","NULL","NULL","admin"
"194","2023-04-25T16:39:28.104454","ESTIMATION","NULL","123","","false","ACTIVE","2023-04-25T16:39:56.689682","NULL","NULL","admin"
"202","2023-04-26T11:45:20.108583","ESTIMATION","NULL","1234","","false","ACTIVE","2023-04-26T11:45:20.108586","NULL","NULL","admin"
"190","2023-04-25T14:44:19.370909","ESTIMATION","NULL","uktjyrhtgref","iy,lktumjyrnhterg","false","PROCESSING","2023-04-25T14:44:35.780606","2022-12-16T03:05:00","2023-03-26T02:55:00","admin"
"195","2023-04-25T21:22:40.384824","ESTIMATION","NULL","1","","false","ACTIVE","2023-04-25T21:23:11.574641","NULL","NULL","admin"
"199","2023-04-26T11:10:04.615515","ESTIMATION","NULL","123","","false","ACTIVE","2023-04-26T11:11:22.770473","NULL","NULL","admin"
"196","2023-04-25T21:25:36.412988","ESTIMATION","NULL","тест 2","","false","ACTIVE","2023-04-25T21:25:54.568305","NULL","NULL","admin"
"203","2023-04-26T14:26:08.876703","ESTIMATION","NULL","1234","","false","ACTIVE","2023-04-26T14:26:24.966983","NULL","NULL","admin"
"200","2023-04-26T11:32:08.599575","ESTIMATION","NULL","12345","","false","ACTIVE","2023-04-26T11:32:24.911337","NULL","NULL","admin"
"204","2023-04-26T15:05:22.752793","ESTIMATION","NULL","123","","false","ACTIVE","2023-04-26T15:06:21.422518","NULL","NULL","admin"
"205","2023-04-26T18:06:29.987391","ESTIMATION","NULL","123","","false","ACTIVE","2023-04-26T18:06:29.987397","NULL","NULL","admin"
